2025/10/28 04:48:49 [notice] 1#1: using the "epoll" event method
2025/10/28 04:48:49 [notice] 1#1: nginx/1.28.0
2025/10/28 04:48:49 [notice] 1#1: built by gcc 12.2.0 (Debian 12.2.0-14) 
2025/10/28 04:48:49 [notice] 1#1: OS: Linux 6.6.87.2-microsoft-standard-WSL2
2025/10/28 04:48:49 [notice] 1#1: getrlimit(RLIMIT_NOFILE): 1048576:1048576
2025/10/28 04:48:49 [notice] 1#1: start worker processes
2025/10/28 04:48:49 [notice] 1#1: start worker process 21
2025/10/28 04:48:49 [notice] 1#1: start worker process 22
2025/10/28 04:48:49 [notice] 1#1: start worker process 23
2025/10/28 04:48:49 [notice] 1#1: start worker process 24
2025/10/28 04:48:49 [notice] 1#1: start worker process 25
2025/10/28 04:48:49 [notice] 1#1: start worker process 26
2025/10/28 04:48:49 [notice] 1#1: start worker process 27
2025/10/28 04:48:49 [notice] 1#1: start worker process 28
2025/10/28 04:48:49 [notice] 1#1: start worker process 29
2025/10/28 04:48:49 [notice] 1#1: start worker process 30
2025/10/28 04:48:49 [notice] 1#1: start worker process 31
2025/10/28 04:48:49 [notice] 1#1: start worker process 32
2025/10/28 04:48:49 [notice] 1#1: start worker process 33
2025/10/28 04:48:49 [notice] 1#1: start worker process 34
2025/10/28 04:48:49 [notice] 1#1: start worker process 35
2025/10/28 04:48:49 [notice] 1#1: start worker process 36
2025/10/28 05:40:31 [notice] 1#1: signal 3 (SIGQUIT) received, shutting down
2025/10/28 05:40:31 [notice] 22#22: gracefully shutting down
2025/10/28 05:40:31 [notice] 21#21: gracefully shutting down
2025/10/28 05:40:31 [notice] 25#25: gracefully shutting down
2025/10/28 05:40:31 [notice] 23#23: gracefully shutting down
2025/10/28 05:40:31 [notice] 24#24: gracefully shutting down
2025/10/28 05:40:31 [notice] 26#26: gracefully shutting down
2025/10/28 05:40:31 [notice] 28#28: gracefully shutting down
2025/10/28 05:40:31 [notice] 29#29: gracefully shutting down
2025/10/28 05:40:31 [notice] 31#31: gracefully shutting down
2025/10/28 05:40:31 [notice] 30#30: gracefully shutting down
2025/10/28 05:40:31 [notice] 22#22: exiting
2025/10/28 05:40:31 [notice] 26#26: exiting
2025/10/28 05:40:31 [notice] 33#33: gracefully shutting down
2025/10/28 05:40:31 [notice] 27#27: gracefully shutting down
2025/10/28 05:40:31 [notice] 32#32: gracefully shutting down
2025/10/28 05:40:31 [notice] 35#35: gracefully shutting down
2025/10/28 05:40:31 [notice] 34#34: gracefully shutting down
2025/10/28 05:40:31 [notice] 36#36: gracefully shutting down
2025/10/28 05:40:31 [notice] 21#21: exiting
2025/10/28 05:40:31 [notice] 25#25: exiting
2025/10/28 05:40:31 [notice] 23#23: exiting
2025/10/28 05:40:31 [notice] 21#21: exit
2025/10/28 05:40:31 [notice] 24#24: exiting
2025/10/28 05:40:31 [notice] 28#28: exiting
2025/10/28 05:40:31 [notice] 29#29: exiting
2025/10/28 05:40:31 [notice] 31#31: exiting
2025/10/28 05:40:31 [notice] 30#30: exiting
2025/10/28 05:40:31 [notice] 22#22: exit
2025/10/28 05:40:31 [notice] 31#31: exit
2025/10/28 05:40:31 [notice] 26#26: exit
2025/10/28 05:40:31 [notice] 33#33: exiting
2025/10/28 05:40:31 [notice] 27#27: exiting
2025/10/28 05:40:31 [notice] 32#32: exiting
2025/10/28 05:40:31 [notice] 35#35: exiting
2025/10/28 05:40:31 [notice] 25#25: exit
2025/10/28 05:40:31 [notice] 34#34: exiting
2025/10/28 05:40:31 [notice] 36#36: exiting
2025/10/28 05:40:31 [notice] 23#23: exit
2025/10/28 05:40:31 [notice] 24#24: exit
2025/10/28 05:40:31 [notice] 28#28: exit
2025/10/28 05:40:31 [notice] 29#29: exit
2025/10/28 05:40:31 [notice] 30#30: exit
2025/10/28 05:40:31 [notice] 33#33: exit
2025/10/28 05:40:31 [notice] 27#27: exit
2025/10/28 05:40:31 [notice] 32#32: exit
2025/10/28 05:40:31 [notice] 35#35: exit
2025/10/28 05:40:31 [notice] 34#34: exit
2025/10/28 05:40:31 [notice] 36#36: exit
2025/10/28 05:40:31 [notice] 1#1: signal 17 (SIGCHLD) received from 34
2025/10/28 05:40:31 [notice] 1#1: worker process 26 exited with code 0
2025/10/28 05:40:31 [notice] 1#1: worker process 32 exited with code 0
2025/10/28 05:40:31 [notice] 1#1: worker process 34 exited with code 0
2025/10/28 05:40:31 [notice] 1#1: signal 29 (SIGIO) received
2025/10/28 05:40:31 [notice] 1#1: signal 17 (SIGCHLD) received from 32
2025/10/28 05:40:31 [notice] 1#1: signal 17 (SIGCHLD) received from 27
2025/10/28 05:40:31 [notice] 1#1: worker process 22 exited with code 0
2025/10/28 05:40:31 [notice] 1#1: worker process 24 exited with code 0
2025/10/28 05:40:31 [notice] 1#1: worker process 25 exited with code 0
2025/10/28 05:40:31 [notice] 1#1: worker process 27 exited with code 0
2025/10/28 05:40:31 [notice] 1#1: worker process 33 exited with code 0
2025/10/28 05:40:31 [notice] 1#1: worker process 23 exited with code 0
2025/10/28 05:40:31 [notice] 1#1: signal 29 (SIGIO) received
2025/10/28 05:40:31 [notice] 1#1: signal 17 (SIGCHLD) received from 22
2025/10/28 05:40:31 [notice] 1#1: signal 17 (SIGCHLD) received from 35
2025/10/28 05:40:31 [notice] 1#1: worker process 21 exited with code 0
2025/10/28 05:40:31 [notice] 1#1: worker process 30 exited with code 0
2025/10/28 05:40:31 [notice] 1#1: worker process 35 exited with code 0
2025/10/28 05:40:31 [notice] 1#1: worker process 36 exited with code 0
2025/10/28 05:40:31 [notice] 1#1: signal 29 (SIGIO) received
2025/10/28 05:40:31 [notice] 1#1: signal 17 (SIGCHLD) received from 36
2025/10/28 05:40:31 [notice] 1#1: signal 17 (SIGCHLD) received from 28
2025/10/28 05:40:31 [notice] 1#1: worker process 28 exited with code 0
2025/10/28 05:40:31 [notice] 1#1: worker process 31 exited with code 0
2025/10/28 05:40:31 [notice] 1#1: signal 29 (SIGIO) received
2025/10/28 05:40:31 [notice] 1#1: signal 17 (SIGCHLD) received from 31
2025/10/28 05:40:31 [notice] 1#1: signal 17 (SIGCHLD) received from 29
2025/10/28 05:40:31 [notice] 1#1: worker process 29 exited with code 0
2025/10/28 05:40:31 [notice] 1#1: exit
2025/10/28 07:31:03 [notice] 1#1: using the "epoll" event method
2025/10/28 07:31:03 [notice] 1#1: nginx/1.28.0
2025/10/28 07:31:03 [notice] 1#1: built by gcc 12.2.0 (Debian 12.2.0-14) 
2025/10/28 07:31:03 [notice] 1#1: OS: Linux 6.6.87.2-microsoft-standard-WSL2
2025/10/28 07:31:03 [notice] 1#1: getrlimit(RLIMIT_NOFILE): 1048576:1048576
2025/10/28 07:31:03 [notice] 1#1: start worker processes
2025/10/28 07:31:03 [notice] 1#1: start worker process 21
2025/10/28 07:31:03 [notice] 1#1: start worker process 22
2025/10/28 07:31:03 [notice] 1#1: start worker process 23
2025/10/28 07:31:03 [notice] 1#1: start worker process 24
2025/10/28 07:31:03 [notice] 1#1: start worker process 25
2025/10/28 07:31:03 [notice] 1#1: start worker process 26
2025/10/28 07:31:03 [notice] 1#1: start worker process 27
2025/10/28 07:31:03 [notice] 1#1: start worker process 28
2025/10/28 07:31:03 [notice] 1#1: start worker process 29
2025/10/28 07:31:03 [notice] 1#1: start worker process 30
2025/10/28 07:31:03 [notice] 1#1: start worker process 31
2025/10/28 07:31:03 [notice] 1#1: start worker process 32
2025/10/28 07:31:03 [notice] 1#1: start worker process 33
2025/10/28 07:31:03 [notice] 1#1: start worker process 34
2025/10/28 07:31:03 [notice] 1#1: start worker process 35
2025/10/28 07:31:03 [notice] 1#1: start worker process 36
2025/10/28 21:47:27 [notice] 1#1: signal 3 (SIGQUIT) received, shutting down
2025/10/28 21:47:27 [notice] 21#21: gracefully shutting down
2025/10/28 21:47:27 [notice] 22#22: gracefully shutting down
2025/10/28 21:47:27 [notice] 23#23: gracefully shutting down
2025/10/28 21:47:27 [notice] 25#25: gracefully shutting down
2025/10/28 21:47:27 [notice] 27#27: gracefully shutting down
2025/10/28 21:47:27 [notice] 26#26: gracefully shutting down
2025/10/28 21:47:27 [notice] 24#24: gracefully shutting down
2025/10/28 21:47:27 [notice] 29#29: gracefully shutting down
2025/10/28 21:47:27 [notice] 30#30: gracefully shutting down
2025/10/28 21:47:27 [notice] 28#28: gracefully shutting down
2025/10/28 21:47:27 [notice] 33#33: gracefully shutting down
2025/10/28 21:47:27 [notice] 32#32: gracefully shutting down
2025/10/28 21:47:27 [notice] 35#35: gracefully shutting down
2025/10/28 21:47:27 [notice] 34#34: gracefully shutting down
2025/10/28 21:47:27 [notice] 31#31: gracefully shutting down
2025/10/28 21:47:27 [notice] 36#36: gracefully shutting down
2025/10/28 21:47:27 [notice] 21#21: exiting
2025/10/28 21:47:27 [notice] 22#22: exiting
2025/10/28 21:47:27 [notice] 32#32: exiting
2025/10/28 21:47:27 [notice] 23#23: exiting
2025/10/28 21:47:27 [notice] 25#25: exiting
2025/10/28 21:47:27 [notice] 27#27: exiting
2025/10/28 21:47:27 [notice] 26#26: exiting
2025/10/28 21:47:27 [notice] 24#24: exiting
2025/10/28 21:47:27 [notice] 29#29: exiting
2025/10/28 21:47:27 [notice] 26#26: exit
2025/10/28 21:47:27 [notice] 30#30: exiting
2025/10/28 21:47:27 [notice] 24#24: exit
2025/10/28 21:47:27 [notice] 28#28: exiting
2025/10/28 21:47:27 [notice] 33#33: exiting
2025/10/28 21:47:27 [notice] 35#35: exiting
2025/10/28 21:47:27 [notice] 34#34: exiting
2025/10/28 21:47:27 [notice] 33#33: exit
2025/10/28 21:47:27 [notice] 31#31: exiting
2025/10/28 21:47:27 [notice] 34#34: exit
2025/10/28 21:47:27 [notice] 36#36: exiting
2025/10/28 21:47:27 [notice] 22#22: exit
2025/10/28 21:47:27 [notice] 21#21: exit
2025/10/28 21:47:27 [notice] 36#36: exit
2025/10/28 21:47:27 [notice] 23#23: exit
2025/10/28 21:47:27 [notice] 25#25: exit
2025/10/28 21:47:27 [notice] 32#32: exit
2025/10/28 21:47:27 [notice] 27#27: exit
2025/10/28 21:47:27 [notice] 29#29: exit
2025/10/28 21:47:27 [notice] 30#30: exit
2025/10/28 21:47:27 [notice] 28#28: exit
2025/10/28 21:47:27 [notice] 35#35: exit
2025/10/28 21:47:27 [notice] 31#31: exit
2025/10/28 21:47:27 [notice] 1#1: signal 17 (SIGCHLD) received from 29
2025/10/28 21:47:27 [notice] 1#1: worker process 29 exited with code 0
2025/10/28 21:47:27 [notice] 1#1: signal 29 (SIGIO) received
2025/10/28 21:47:27 [notice] 1#1: signal 17 (SIGCHLD) received from 34
2025/10/28 21:47:27 [notice] 1#1: worker process 26 exited with code 0
2025/10/28 21:47:27 [notice] 1#1: worker process 34 exited with code 0
2025/10/28 21:47:27 [notice] 1#1: signal 29 (SIGIO) received
2025/10/28 21:47:27 [notice] 1#1: signal 17 (SIGCHLD) received from 26
2025/10/28 21:47:27 [notice] 1#1: signal 17 (SIGCHLD) received from 25
2025/10/28 21:47:27 [notice] 1#1: worker process 21 exited with code 0
2025/10/28 21:47:27 [notice] 1#1: worker process 22 exited with code 0
2025/10/28 21:47:27 [notice] 1#1: worker process 25 exited with code 0
2025/10/28 21:47:27 [notice] 1#1: worker process 27 exited with code 0
2025/10/28 21:47:27 [notice] 1#1: worker process 28 exited with code 0
2025/10/28 21:47:27 [notice] 1#1: worker process 30 exited with code 0
2025/10/28 21:47:27 [notice] 1#1: worker process 32 exited with code 0
2025/10/28 21:47:27 [notice] 1#1: worker process 33 exited with code 0
2025/10/28 21:47:27 [notice] 1#1: worker process 35 exited with code 0
2025/10/28 21:47:27 [notice] 1#1: worker process 36 exited with code 0
2025/10/28 21:47:27 [notice] 1#1: signal 29 (SIGIO) received
2025/10/28 21:47:27 [notice] 1#1: signal 17 (SIGCHLD) received from 28
2025/10/28 21:47:27 [notice] 1#1: signal 17 (SIGCHLD) received from 24
2025/10/28 21:47:27 [notice] 1#1: worker process 24 exited with code 0
2025/10/28 21:47:27 [notice] 1#1: signal 29 (SIGIO) received
2025/10/28 21:47:27 [notice] 1#1: signal 17 (SIGCHLD) received from 31
2025/10/28 21:47:27 [notice] 1#1: worker process 31 exited with code 0
2025/10/28 21:47:27 [notice] 1#1: signal 29 (SIGIO) received
2025/10/28 21:47:27 [notice] 1#1: signal 17 (SIGCHLD) received from 23
2025/10/28 21:47:27 [notice] 1#1: worker process 23 exited with code 0
2025/10/28 21:47:27 [notice] 1#1: exit
2025/10/28 21:48:05 [notice] 1#1: using the "epoll" event method
2025/10/28 21:48:05 [notice] 1#1: nginx/1.28.0
2025/10/28 21:48:05 [notice] 1#1: built by gcc 12.2.0 (Debian 12.2.0-14) 
2025/10/28 21:48:05 [notice] 1#1: OS: Linux 6.6.87.2-microsoft-standard-WSL2
2025/10/28 21:48:05 [notice] 1#1: getrlimit(RLIMIT_NOFILE): 1048576:1048576
2025/10/28 21:48:05 [notice] 1#1: start worker processes
2025/10/28 21:48:05 [notice] 1#1: start worker process 21
2025/10/28 21:48:05 [notice] 1#1: start worker process 22
2025/10/28 21:48:05 [notice] 1#1: start worker process 23
2025/10/28 21:48:05 [notice] 1#1: start worker process 24
2025/10/28 21:48:05 [notice] 1#1: start worker process 25
2025/10/28 21:48:05 [notice] 1#1: start worker process 26
2025/10/28 21:48:05 [notice] 1#1: start worker process 27
2025/10/28 21:48:05 [notice] 1#1: start worker process 28
2025/10/28 21:48:05 [notice] 1#1: start worker process 29
2025/10/28 21:48:05 [notice] 1#1: start worker process 30
2025/10/28 21:48:05 [notice] 1#1: start worker process 31
2025/10/28 21:48:05 [notice] 1#1: start worker process 32
2025/10/28 21:48:05 [notice] 1#1: start worker process 33
2025/10/28 21:48:05 [notice] 1#1: start worker process 34
2025/10/28 21:48:05 [notice] 1#1: start worker process 35
2025/10/28 21:48:05 [notice] 1#1: start worker process 36
2025/10/28 21:58:29 [notice] 1#1: signal 3 (SIGQUIT) received, shutting down
2025/10/28 21:58:29 [notice] 22#22: gracefully shutting down
2025/10/28 21:58:29 [notice] 27#27: gracefully shutting down
2025/10/28 21:58:29 [notice] 23#23: gracefully shutting down
2025/10/28 21:58:29 [notice] 27#27: exiting
2025/10/28 21:58:29 [notice] 24#24: gracefully shutting down
2025/10/28 21:58:29 [notice] 27#27: exit
2025/10/28 21:58:29 [notice] 32#32: gracefully shutting down
2025/10/28 21:58:29 [notice] 30#30: gracefully shutting down
2025/10/28 21:58:29 [notice] 28#28: gracefully shutting down
2025/10/28 21:58:29 [notice] 25#25: gracefully shutting down
2025/10/28 21:58:29 [notice] 29#29: gracefully shutting down
2025/10/28 21:58:29 [notice] 31#31: gracefully shutting down
2025/10/28 21:58:29 [notice] 35#35: gracefully shutting down
2025/10/28 21:58:29 [notice] 35#35: exiting
2025/10/28 21:58:29 [notice] 34#34: gracefully shutting down
2025/10/28 21:58:29 [notice] 36#36: gracefully shutting down
2025/10/28 21:58:29 [notice] 21#21: gracefully shutting down
2025/10/28 21:58:29 [notice] 34#34: exiting
2025/10/28 21:58:29 [notice] 33#33: gracefully shutting down
2025/10/28 21:58:29 [notice] 23#23: exiting
2025/10/28 21:58:29 [notice] 22#22: exiting
2025/10/28 21:58:29 [notice] 26#26: gracefully shutting down
2025/10/28 21:58:29 [notice] 24#24: exiting
2025/10/28 21:58:29 [notice] 30#30: exiting
2025/10/28 21:58:29 [notice] 24#24: exit
2025/10/28 21:58:29 [notice] 32#32: exiting
2025/10/28 21:58:29 [notice] 28#28: exiting
2025/10/28 21:58:29 [notice] 25#25: exiting
2025/10/28 21:58:29 [notice] 29#29: exiting
2025/10/28 21:58:29 [notice] 31#31: exiting
2025/10/28 21:58:29 [notice] 35#35: exit
2025/10/28 21:58:29 [notice] 36#36: exiting
2025/10/28 21:58:29 [notice] 21#21: exiting
2025/10/28 21:58:29 [notice] 34#34: exit
2025/10/28 21:58:29 [notice] 33#33: exiting
2025/10/28 21:58:29 [notice] 23#23: exit
2025/10/28 21:58:29 [notice] 22#22: exit
2025/10/28 21:58:29 [notice] 26#26: exiting
2025/10/28 21:58:29 [notice] 30#30: exit
2025/10/28 21:58:29 [notice] 26#26: exit
2025/10/28 21:58:29 [notice] 32#32: exit
2025/10/28 21:58:29 [notice] 28#28: exit
2025/10/28 21:58:29 [notice] 25#25: exit
2025/10/28 21:58:29 [notice] 29#29: exit
2025/10/28 21:58:29 [notice] 31#31: exit
2025/10/28 21:58:29 [notice] 36#36: exit
2025/10/28 21:58:29 [notice] 21#21: exit
2025/10/28 21:58:29 [notice] 33#33: exit
2025/10/28 21:58:29 [notice] 1#1: signal 17 (SIGCHLD) received from 36
2025/10/28 21:58:29 [notice] 1#1: worker process 36 exited with code 0
2025/10/28 21:58:29 [notice] 1#1: signal 29 (SIGIO) received
2025/10/28 21:58:29 [notice] 1#1: signal 17 (SIGCHLD) received from 31
2025/10/28 21:58:29 [notice] 1#1: worker process 26 exited with code 0
2025/10/28 21:58:29 [notice] 1#1: worker process 27 exited with code 0
2025/10/28 21:58:29 [notice] 1#1: worker process 31 exited with code 0
2025/10/28 21:58:29 [notice] 1#1: worker process 32 exited with code 0
2025/10/28 21:58:29 [notice] 1#1: worker process 35 exited with code 0
2025/10/28 21:58:29 [notice] 1#1: signal 29 (SIGIO) received
2025/10/28 21:58:29 [notice] 1#1: signal 17 (SIGCHLD) received from 26
2025/10/28 21:58:29 [notice] 1#1: signal 17 (SIGCHLD) received from 23
2025/10/28 21:58:29 [notice] 1#1: worker process 23 exited with code 0
2025/10/28 21:58:29 [notice] 1#1: signal 29 (SIGIO) received
2025/10/28 21:58:29 [notice] 1#1: signal 17 (SIGCHLD) received from 24
2025/10/28 21:58:29 [notice] 1#1: worker process 21 exited with code 0
2025/10/28 21:58:29 [notice] 1#1: worker process 24 exited with code 0
2025/10/28 21:58:29 [notice] 1#1: worker process 25 exited with code 0
2025/10/28 21:58:29 [notice] 1#1: worker process 22 exited with code 0
2025/10/28 21:58:29 [notice] 1#1: worker process 28 exited with code 0
2025/10/28 21:58:29 [notice] 1#1: worker process 29 exited with code 0
2025/10/28 21:58:29 [notice] 1#1: worker process 30 exited with code 0
2025/10/28 21:58:29 [notice] 1#1: worker process 33 exited with code 0
2025/10/28 21:58:29 [notice] 1#1: worker process 34 exited with code 0
2025/10/28 21:58:29 [notice] 1#1: exit
2025/10/28 21:59:28 [notice] 1#1: using the "epoll" event method
2025/10/28 21:59:28 [notice] 1#1: nginx/1.28.0
2025/10/28 21:59:28 [notice] 1#1: built by gcc 12.2.0 (Debian 12.2.0-14) 
2025/10/28 21:59:28 [notice] 1#1: OS: Linux 6.6.87.2-microsoft-standard-WSL2
2025/10/28 21:59:28 [notice] 1#1: getrlimit(RLIMIT_NOFILE): 1048576:1048576
2025/10/28 21:59:28 [notice] 1#1: start worker processes
2025/10/28 21:59:28 [notice] 1#1: start worker process 22
2025/10/28 21:59:28 [notice] 1#1: start worker process 23
2025/10/28 21:59:28 [notice] 1#1: start worker process 24
2025/10/28 21:59:28 [notice] 1#1: start worker process 25
2025/10/28 21:59:28 [notice] 1#1: start worker process 26
2025/10/28 21:59:28 [notice] 1#1: start worker process 27
2025/10/28 21:59:28 [notice] 1#1: start worker process 28
2025/10/28 21:59:28 [notice] 1#1: start worker process 29
2025/10/28 21:59:28 [notice] 1#1: start worker process 30
2025/10/28 21:59:28 [notice] 1#1: start worker process 31
2025/10/28 21:59:28 [notice] 1#1: start worker process 32
2025/10/28 21:59:28 [notice] 1#1: start worker process 33
2025/10/28 21:59:28 [notice] 1#1: start worker process 34
2025/10/28 21:59:28 [notice] 1#1: start worker process 35
2025/10/28 21:59:28 [notice] 1#1: start worker process 36
2025/10/28 21:59:28 [notice] 1#1: start worker process 37
2025/10/28 22:00:32 [notice] 1#1: signal 3 (SIGQUIT) received, shutting down
2025/10/28 22:00:32 [notice] 23#23: gracefully shutting down
2025/10/28 22:00:32 [notice] 33#33: gracefully shutting down
2025/10/28 22:00:32 [notice] 22#22: gracefully shutting down
2025/10/28 22:00:32 [notice] 24#24: gracefully shutting down
2025/10/28 22:00:32 [notice] 25#25: gracefully shutting down
2025/10/28 22:00:32 [notice] 26#26: gracefully shutting down
2025/10/28 22:00:32 [notice] 28#28: gracefully shutting down
2025/10/28 22:00:32 [notice] 27#27: gracefully shutting down
2025/10/28 22:00:32 [notice] 30#30: gracefully shutting down
2025/10/28 22:00:32 [notice] 29#29: gracefully shutting down
2025/10/28 22:00:32 [notice] 31#31: gracefully shutting down
2025/10/28 22:00:32 [notice] 32#32: gracefully shutting down
2025/10/28 22:00:32 [notice] 36#36: gracefully shutting down
2025/10/28 22:00:32 [notice] 35#35: gracefully shutting down
2025/10/28 22:00:32 [notice] 23#23: exiting
2025/10/28 22:00:32 [notice] 37#37: gracefully shutting down
2025/10/28 22:00:32 [notice] 34#34: gracefully shutting down
2025/10/28 22:00:32 [notice] 33#33: exiting
2025/10/28 22:00:32 [notice] 22#22: exiting
2025/10/28 22:00:32 [notice] 24#24: exiting
2025/10/28 22:00:32 [notice] 25#25: exiting
2025/10/28 22:00:32 [notice] 26#26: exiting
2025/10/28 22:00:32 [notice] 28#28: exiting
2025/10/28 22:00:32 [notice] 27#27: exiting
2025/10/28 22:00:32 [notice] 30#30: exiting
2025/10/28 22:00:32 [notice] 29#29: exiting
2025/10/28 22:00:32 [notice] 31#31: exiting
2025/10/28 22:00:32 [notice] 32#32: exiting
2025/10/28 22:00:32 [notice] 36#36: exiting
2025/10/28 22:00:32 [notice] 35#35: exiting
2025/10/28 22:00:32 [notice] 23#23: exit
2025/10/28 22:00:32 [notice] 37#37: exiting
2025/10/28 22:00:32 [notice] 34#34: exiting
2025/10/28 22:00:32 [notice] 33#33: exit
2025/10/28 22:00:32 [notice] 22#22: exit
2025/10/28 22:00:32 [notice] 24#24: exit
2025/10/28 22:00:32 [notice] 25#25: exit
2025/10/28 22:00:32 [notice] 26#26: exit
2025/10/28 22:00:32 [notice] 28#28: exit
2025/10/28 22:00:32 [notice] 27#27: exit
2025/10/28 22:00:32 [notice] 30#30: exit
2025/10/28 22:00:32 [notice] 29#29: exit
2025/10/28 22:00:32 [notice] 31#31: exit
2025/10/28 22:00:32 [notice] 32#32: exit
2025/10/28 22:00:32 [notice] 36#36: exit
2025/10/28 22:00:32 [notice] 35#35: exit
2025/10/28 22:00:32 [notice] 37#37: exit
2025/10/28 22:00:32 [notice] 34#34: exit
2025/10/28 22:00:32 [notice] 1#1: signal 17 (SIGCHLD) received from 23
2025/10/28 22:00:32 [notice] 1#1: worker process 22 exited with code 0
2025/10/28 22:00:32 [notice] 1#1: worker process 23 exited with code 0
2025/10/28 22:00:32 [notice] 1#1: worker process 24 exited with code 0
2025/10/28 22:00:32 [notice] 1#1: worker process 26 exited with code 0
2025/10/28 22:00:32 [notice] 1#1: worker process 27 exited with code 0
2025/10/28 22:00:32 [notice] 1#1: worker process 28 exited with code 0
2025/10/28 22:00:32 [notice] 1#1: worker process 29 exited with code 0
2025/10/28 22:00:32 [notice] 1#1: worker process 31 exited with code 0
2025/10/28 22:00:32 [notice] 1#1: worker process 32 exited with code 0
2025/10/28 22:00:32 [notice] 1#1: worker process 33 exited with code 0
2025/10/28 22:00:32 [notice] 1#1: worker process 35 exited with code 0
2025/10/28 22:00:32 [notice] 1#1: signal 29 (SIGIO) received
2025/10/28 22:00:32 [notice] 1#1: signal 17 (SIGCHLD) received from 28
2025/10/28 22:00:32 [notice] 1#1: signal 17 (SIGCHLD) received from 36
2025/10/28 22:00:32 [notice] 1#1: worker process 25 exited with code 0
2025/10/28 22:00:32 [notice] 1#1: worker process 30 exited with code 0
2025/10/28 22:00:32 [notice] 1#1: worker process 34 exited with code 0
2025/10/28 22:00:32 [notice] 1#1: worker process 36 exited with code 0
2025/10/28 22:00:32 [notice] 1#1: signal 29 (SIGIO) received
2025/10/28 22:00:32 [notice] 1#1: signal 17 (SIGCHLD) received from 37
2025/10/28 22:00:32 [notice] 1#1: worker process 37 exited with code 0
2025/10/28 22:00:32 [notice] 1#1: exit
2025/10/28 22:10:59 [notice] 1#1: using the "epoll" event method
2025/10/28 22:10:59 [notice] 1#1: nginx/1.28.0
2025/10/28 22:10:59 [notice] 1#1: built by gcc 12.2.0 (Debian 12.2.0-14) 
2025/10/28 22:10:59 [notice] 1#1: OS: Linux 6.6.87.2-microsoft-standard-WSL2
2025/10/28 22:10:59 [notice] 1#1: getrlimit(RLIMIT_NOFILE): 1048576:1048576
2025/10/28 22:10:59 [notice] 1#1: start worker processes
2025/10/28 22:10:59 [notice] 1#1: start worker process 22
2025/10/28 22:10:59 [notice] 1#1: start worker process 23
2025/10/28 22:10:59 [notice] 1#1: start worker process 24
2025/10/28 22:10:59 [notice] 1#1: start worker process 25
2025/10/28 22:10:59 [notice] 1#1: start worker process 26
2025/10/28 22:10:59 [notice] 1#1: start worker process 27
2025/10/28 22:10:59 [notice] 1#1: start worker process 28
2025/10/28 22:10:59 [notice] 1#1: start worker process 29
2025/10/28 22:10:59 [notice] 1#1: start worker process 30
2025/10/28 22:10:59 [notice] 1#1: start worker process 31
2025/10/28 22:10:59 [notice] 1#1: start worker process 32
2025/10/28 22:10:59 [notice] 1#1: start worker process 33
2025/10/28 22:10:59 [notice] 1#1: start worker process 34
2025/10/28 22:10:59 [notice] 1#1: start worker process 35
2025/10/28 22:10:59 [notice] 1#1: start worker process 36
2025/10/28 22:10:59 [notice] 1#1: start worker process 37
2025/10/28 22:28:59 [notice] 1#1: signal 3 (SIGQUIT) received, shutting down
2025/10/28 22:28:59 [notice] 22#22: gracefully shutting down
2025/10/28 22:28:59 [notice] 23#23: gracefully shutting down
2025/10/28 22:28:59 [notice] 25#25: gracefully shutting down
2025/10/28 22:28:59 [notice] 30#30: gracefully shutting down
2025/10/28 22:28:59 [notice] 26#26: gracefully shutting down
2025/10/28 22:28:59 [notice] 26#26: exiting
2025/10/28 22:28:59 [notice] 31#31: gracefully shutting down
2025/10/28 22:28:59 [notice] 27#27: gracefully shutting down
2025/10/28 22:28:59 [notice] 29#29: gracefully shutting down
2025/10/28 22:28:59 [notice] 28#28: gracefully shutting down
2025/10/28 22:28:59 [notice] 36#36: gracefully shutting down
2025/10/28 22:28:59 [notice] 35#35: gracefully shutting down
2025/10/28 22:28:59 [notice] 37#37: gracefully shutting down
2025/10/28 22:28:59 [notice] 34#34: gracefully shutting down
2025/10/28 22:28:59 [notice] 32#32: gracefully shutting down
2025/10/28 22:28:59 [notice] 24#24: gracefully shutting down
2025/10/28 22:28:59 [notice] 33#33: gracefully shutting down
2025/10/28 22:28:59 [notice] 22#22: exiting
2025/10/28 22:28:59 [notice] 23#23: exiting
2025/10/28 22:28:59 [notice] 25#25: exiting
2025/10/28 22:28:59 [notice] 30#30: exiting
2025/10/28 22:28:59 [notice] 26#26: exit
2025/10/28 22:28:59 [notice] 31#31: exiting
2025/10/28 22:28:59 [notice] 27#27: exiting
2025/10/28 22:28:59 [notice] 29#29: exiting
2025/10/28 22:28:59 [notice] 28#28: exiting
2025/10/28 22:28:59 [notice] 36#36: exiting
2025/10/28 22:28:59 [notice] 35#35: exiting
2025/10/28 22:28:59 [notice] 37#37: exiting
2025/10/28 22:28:59 [notice] 32#32: exiting
2025/10/28 22:28:59 [notice] 34#34: exiting
2025/10/28 22:28:59 [notice] 24#24: exiting
2025/10/28 22:28:59 [notice] 33#33: exiting
2025/10/28 22:28:59 [notice] 22#22: exit
2025/10/28 22:28:59 [notice] 33#33: exit
2025/10/28 22:28:59 [notice] 23#23: exit
2025/10/28 22:28:59 [notice] 25#25: exit
2025/10/28 22:28:59 [notice] 30#30: exit
2025/10/28 22:28:59 [notice] 31#31: exit
2025/10/28 22:28:59 [notice] 27#27: exit
2025/10/28 22:28:59 [notice] 29#29: exit
2025/10/28 22:28:59 [notice] 28#28: exit
2025/10/28 22:28:59 [notice] 36#36: exit
2025/10/28 22:28:59 [notice] 35#35: exit
2025/10/28 22:28:59 [notice] 37#37: exit
2025/10/28 22:28:59 [notice] 32#32: exit
2025/10/28 22:28:59 [notice] 34#34: exit
2025/10/28 22:28:59 [notice] 24#24: exit
2025/10/28 22:28:59 [notice] 1#1: signal 17 (SIGCHLD) received from 33
2025/10/28 22:28:59 [notice] 1#1: worker process 24 exited with code 0
2025/10/28 22:28:59 [notice] 1#1: worker process 25 exited with code 0
2025/10/28 22:28:59 [notice] 1#1: worker process 26 exited with code 0
2025/10/28 22:28:59 [notice] 1#1: worker process 33 exited with code 0
2025/10/28 22:28:59 [notice] 1#1: signal 29 (SIGIO) received
2025/10/28 22:28:59 [notice] 1#1: signal 17 (SIGCHLD) received from 25
2025/10/28 22:28:59 [notice] 1#1: signal 17 (SIGCHLD) received from 36
2025/10/28 22:28:59 [notice] 1#1: worker process 32 exited with code 0
2025/10/28 22:28:59 [notice] 1#1: worker process 36 exited with code 0
2025/10/28 22:28:59 [notice] 1#1: signal 29 (SIGIO) received
2025/10/28 22:28:59 [notice] 1#1: signal 17 (SIGCHLD) received from 23
2025/10/28 22:28:59 [notice] 1#1: worker process 23 exited with code 0
2025/10/28 22:28:59 [notice] 1#1: worker process 27 exited with code 0
2025/10/28 22:28:59 [notice] 1#1: worker process 28 exited with code 0
2025/10/28 22:28:59 [notice] 1#1: worker process 30 exited with code 0
2025/10/28 22:28:59 [notice] 1#1: worker process 35 exited with code 0
2025/10/28 22:28:59 [notice] 1#1: signal 29 (SIGIO) received
2025/10/28 22:28:59 [notice] 1#1: signal 17 (SIGCHLD) received from 35
2025/10/28 22:28:59 [notice] 1#1: signal 17 (SIGCHLD) received from 22
2025/10/28 22:28:59 [notice] 1#1: worker process 22 exited with code 0
2025/10/28 22:28:59 [notice] 1#1: worker process 31 exited with code 0
2025/10/28 22:28:59 [notice] 1#1: worker process 34 exited with code 0
2025/10/28 22:28:59 [notice] 1#1: worker process 37 exited with code 0
2025/10/28 22:28:59 [notice] 1#1: signal 29 (SIGIO) received
2025/10/28 22:28:59 [notice] 1#1: signal 17 (SIGCHLD) received from 34
2025/10/28 22:28:59 [notice] 1#1: signal 17 (SIGCHLD) received from 29
2025/10/28 22:28:59 [notice] 1#1: worker process 29 exited with code 0
2025/10/28 22:28:59 [notice] 1#1: exit
2025/10/28 22:33:51 [notice] 1#1: using the "epoll" event method
2025/10/28 22:33:51 [notice] 1#1: nginx/1.28.0
2025/10/28 22:33:51 [notice] 1#1: built by gcc 12.2.0 (Debian 12.2.0-14) 
2025/10/28 22:33:51 [notice] 1#1: OS: Linux 6.6.87.2-microsoft-standard-WSL2
2025/10/28 22:33:51 [notice] 1#1: getrlimit(RLIMIT_NOFILE): 1048576:1048576
2025/10/28 22:33:51 [notice] 1#1: start worker processes
2025/10/28 22:33:51 [notice] 1#1: start worker process 21
2025/10/28 22:33:51 [notice] 1#1: start worker process 22
2025/10/28 22:33:51 [notice] 1#1: start worker process 23
2025/10/28 22:33:51 [notice] 1#1: start worker process 24
2025/10/28 22:33:51 [notice] 1#1: start worker process 25
2025/10/28 22:33:51 [notice] 1#1: start worker process 26
2025/10/28 22:33:51 [notice] 1#1: start worker process 27
2025/10/28 22:33:51 [notice] 1#1: start worker process 28
2025/10/28 22:33:51 [notice] 1#1: start worker process 29
2025/10/28 22:33:51 [notice] 1#1: start worker process 30
2025/10/28 22:33:51 [notice] 1#1: start worker process 31
2025/10/28 22:33:51 [notice] 1#1: start worker process 32
2025/10/28 22:33:51 [notice] 1#1: start worker process 33
2025/10/28 22:33:51 [notice] 1#1: start worker process 34
2025/10/28 22:33:51 [notice] 1#1: start worker process 35
2025/10/28 22:33:51 [notice] 1#1: start worker process 36
2025/10/28 22:46:52 [notice] 1#1: signal 3 (SIGQUIT) received, shutting down
2025/10/28 22:46:52 [notice] 21#21: gracefully shutting down
2025/10/28 22:46:52 [notice] 36#36: gracefully shutting down
2025/10/28 22:46:52 [notice] 22#22: gracefully shutting down
2025/10/28 22:46:52 [notice] 23#23: gracefully shutting down
2025/10/28 22:46:52 [notice] 25#25: gracefully shutting down
2025/10/28 22:46:52 [notice] 26#26: gracefully shutting down
2025/10/28 22:46:52 [notice] 27#27: gracefully shutting down
2025/10/28 22:46:52 [notice] 29#29: gracefully shutting down
2025/10/28 22:46:52 [notice] 24#24: gracefully shutting down
2025/10/28 22:46:52 [notice] 30#30: gracefully shutting down
2025/10/28 22:46:52 [notice] 28#28: gracefully shutting down
2025/10/28 22:46:52 [notice] 31#31: gracefully shutting down
2025/10/28 22:46:52 [notice] 32#32: gracefully shutting down
2025/10/28 22:46:52 [notice] 33#33: gracefully shutting down
2025/10/28 22:46:52 [notice] 34#34: gracefully shutting down
2025/10/28 22:46:52 [notice] 35#35: gracefully shutting down
2025/10/28 22:46:52 [notice] 21#21: exiting
2025/10/28 22:46:52 [notice] 36#36: exiting
2025/10/28 22:46:52 [notice] 22#22: exiting
2025/10/28 22:46:52 [notice] 23#23: exiting
2025/10/28 22:46:52 [notice] 25#25: exiting
2025/10/28 22:46:52 [notice] 26#26: exiting
2025/10/28 22:46:52 [notice] 27#27: exiting
2025/10/28 22:46:52 [notice] 29#29: exiting
2025/10/28 22:46:52 [notice] 24#24: exiting
2025/10/28 22:46:52 [notice] 30#30: exiting
2025/10/28 22:46:52 [notice] 28#28: exiting
2025/10/28 22:46:52 [notice] 31#31: exiting
2025/10/28 22:46:52 [notice] 32#32: exiting
2025/10/28 22:46:52 [notice] 33#33: exiting
2025/10/28 22:46:52 [notice] 34#34: exiting
2025/10/28 22:46:52 [notice] 35#35: exiting
2025/10/28 22:46:52 [notice] 21#21: exit
2025/10/28 22:46:52 [notice] 36#36: exit
2025/10/28 22:46:52 [notice] 22#22: exit
2025/10/28 22:46:52 [notice] 23#23: exit
2025/10/28 22:46:52 [notice] 25#25: exit
2025/10/28 22:46:52 [notice] 26#26: exit
2025/10/28 22:46:52 [notice] 27#27: exit
2025/10/28 22:46:52 [notice] 29#29: exit
2025/10/28 22:46:52 [notice] 24#24: exit
2025/10/28 22:46:52 [notice] 30#30: exit
2025/10/28 22:46:52 [notice] 28#28: exit
2025/10/28 22:46:52 [notice] 31#31: exit
2025/10/28 22:46:52 [notice] 32#32: exit
2025/10/28 22:46:52 [notice] 33#33: exit
2025/10/28 22:46:52 [notice] 34#34: exit
2025/10/28 22:46:52 [notice] 35#35: exit
2025/10/28 22:46:52 [notice] 1#1: signal 17 (SIGCHLD) received from 34
2025/10/28 22:46:52 [notice] 1#1: worker process 22 exited with code 0
2025/10/28 22:46:52 [notice] 1#1: worker process 24 exited with code 0
2025/10/28 22:46:52 [notice] 1#1: worker process 25 exited with code 0
2025/10/28 22:46:52 [notice] 1#1: worker process 33 exited with code 0
2025/10/28 22:46:52 [notice] 1#1: worker process 34 exited with code 0
2025/10/28 22:46:52 [notice] 1#1: signal 29 (SIGIO) received
2025/10/28 22:46:52 [notice] 1#1: signal 17 (SIGCHLD) received from 33
2025/10/28 22:46:52 [notice] 1#1: signal 17 (SIGCHLD) received from 28
2025/10/28 22:46:52 [notice] 1#1: worker process 21 exited with code 0
2025/10/28 22:46:52 [notice] 1#1: worker process 23 exited with code 0
2025/10/28 22:46:52 [notice] 1#1: worker process 26 exited with code 0
2025/10/28 22:46:52 [notice] 1#1: worker process 28 exited with code 0
2025/10/28 22:46:52 [notice] 1#1: worker process 29 exited with code 0
2025/10/28 22:46:52 [notice] 1#1: worker process 30 exited with code 0
2025/10/28 22:46:52 [notice] 1#1: worker process 32 exited with code 0
2025/10/28 22:46:52 [notice] 1#1: worker process 35 exited with code 0
2025/10/28 22:46:52 [notice] 1#1: worker process 36 exited with code 0
2025/10/28 22:46:52 [notice] 1#1: signal 29 (SIGIO) received
2025/10/28 22:46:52 [notice] 1#1: signal 17 (SIGCHLD) received from 30
2025/10/28 22:46:52 [notice] 1#1: worker process 27 exited with code 0
2025/10/28 22:46:52 [notice] 1#1: worker process 31 exited with code 0
2025/10/28 22:46:52 [notice] 1#1: exit
2025/10/28 22:47:37 [notice] 1#1: using the "epoll" event method
2025/10/28 22:47:37 [notice] 1#1: nginx/1.28.0
2025/10/28 22:47:37 [notice] 1#1: built by gcc 12.2.0 (Debian 12.2.0-14) 
2025/10/28 22:47:37 [notice] 1#1: OS: Linux 6.6.87.2-microsoft-standard-WSL2
2025/10/28 22:47:37 [notice] 1#1: getrlimit(RLIMIT_NOFILE): 1048576:1048576
2025/10/28 22:47:37 [notice] 1#1: start worker processes
2025/10/28 22:47:37 [notice] 1#1: start worker process 21
2025/10/28 22:47:37 [notice] 1#1: start worker process 22
2025/10/28 22:47:37 [notice] 1#1: start worker process 23
2025/10/28 22:47:37 [notice] 1#1: start worker process 24
2025/10/28 22:47:37 [notice] 1#1: start worker process 25
2025/10/28 22:47:37 [notice] 1#1: start worker process 26
2025/10/28 22:47:37 [notice] 1#1: start worker process 27
2025/10/28 22:47:37 [notice] 1#1: start worker process 28
2025/10/28 22:47:37 [notice] 1#1: start worker process 29
2025/10/28 22:47:37 [notice] 1#1: start worker process 30
2025/10/28 22:47:37 [notice] 1#1: start worker process 31
2025/10/28 22:47:37 [notice] 1#1: start worker process 32
2025/10/28 22:47:37 [notice] 1#1: start worker process 33
2025/10/28 22:47:37 [notice] 1#1: start worker process 34
2025/10/28 22:47:37 [notice] 1#1: start worker process 35
2025/10/28 22:47:37 [notice] 1#1: start worker process 36
2025/10/28 22:54:13 [error] 27#27: *7 open() "/usr/share/nginx/html/firebase-messaging-sw.js" failed (2: No such file or directory), client: 172.18.0.1, server: _, request: "GET /firebase-messaging-sw.js HTTP/1.1", host: "localhost:5173"
2025/10/28 22:54:28 [error] 27#27: *7 open() "/usr/share/nginx/html/firebase-messaging-sw.js" failed (2: No such file or directory), client: 172.18.0.1, server: _, request: "GET /firebase-messaging-sw.js HTTP/1.1", host: "localhost:5173"
2025/10/29 01:28:13 [error] 21#21: *22 open() "/usr/share/nginx/html/firebase-messaging-sw.js" failed (2: No such file or directory), client: 172.18.0.1, server: _, request: "GET /firebase-messaging-sw.js HTTP/1.1", host: "localhost:5173"
2025/10/29 01:28:14 [error] 21#21: *22 open() "/usr/share/nginx/html/firebase-messaging-sw.js" failed (2: No such file or directory), client: 172.18.0.1, server: _, request: "GET /firebase-messaging-sw.js HTTP/1.1", host: "localhost:5173"
2025/10/29 04:02:48 [notice] 1#1: signal 3 (SIGQUIT) received, shutting down
2025/10/29 04:02:48 [notice] 21#21: gracefully shutting down
2025/10/29 04:02:48 [notice] 22#22: gracefully shutting down
2025/10/29 04:02:48 [notice] 24#24: gracefully shutting down
2025/10/29 04:02:48 [notice] 25#25: gracefully shutting down
2025/10/29 04:02:48 [notice] 28#28: gracefully shutting down
2025/10/29 04:02:48 [notice] 31#31: gracefully shutting down
2025/10/29 04:02:48 [notice] 30#30: gracefully shutting down
2025/10/29 04:02:48 [notice] 27#27: gracefully shutting down
2025/10/29 04:02:48 [notice] 32#32: gracefully shutting down
2025/10/29 04:02:48 [notice] 29#29: gracefully shutting down
2025/10/29 04:02:48 [notice] 34#34: gracefully shutting down
2025/10/29 04:02:48 [notice] 21#21: exiting
2025/10/29 04:02:48 [notice] 32#32: exiting
2025/10/29 04:02:48 [notice] 33#33: gracefully shutting down
2025/10/29 04:02:48 [notice] 35#35: gracefully shutting down
2025/10/29 04:02:48 [notice] 26#26: gracefully shutting down
2025/10/29 04:02:48 [notice] 36#36: gracefully shutting down
2025/10/29 04:02:48 [notice] 23#23: gracefully shutting down
2025/10/29 04:02:48 [notice] 24#24: exiting
2025/10/29 04:02:48 [notice] 22#22: exiting
2025/10/29 04:02:48 [notice] 25#25: exiting
2025/10/29 04:02:48 [notice] 28#28: exiting
2025/10/29 04:02:48 [notice] 30#30: exiting
2025/10/29 04:02:48 [notice] 31#31: exiting
2025/10/29 04:02:48 [notice] 27#27: exiting
2025/10/29 04:02:48 [notice] 29#29: exiting
2025/10/29 04:02:48 [notice] 34#34: exiting
2025/10/29 04:02:48 [notice] 21#21: exit
2025/10/29 04:02:48 [notice] 32#32: exit
2025/10/29 04:02:48 [notice] 33#33: exiting
2025/10/29 04:02:48 [notice] 24#24: exit
2025/10/29 04:02:48 [notice] 35#35: exiting
2025/10/29 04:02:48 [notice] 26#26: exiting
2025/10/29 04:02:48 [notice] 22#22: exit
2025/10/29 04:02:48 [notice] 25#25: exit
2025/10/29 04:02:48 [notice] 23#23: exiting
2025/10/29 04:02:48 [notice] 36#36: exiting
2025/10/29 04:02:48 [notice] 28#28: exit
2025/10/29 04:02:48 [notice] 30#30: exit
2025/10/29 04:02:48 [notice] 31#31: exit
2025/10/29 04:02:48 [notice] 27#27: exit
2025/10/29 04:02:48 [notice] 29#29: exit
2025/10/29 04:02:48 [notice] 34#34: exit
2025/10/29 04:02:48 [notice] 33#33: exit
2025/10/29 04:02:48 [notice] 35#35: exit
2025/10/29 04:02:48 [notice] 26#26: exit
2025/10/29 04:02:48 [notice] 23#23: exit
2025/10/29 04:02:48 [notice] 36#36: exit
2025/10/29 04:02:48 [notice] 1#1: signal 17 (SIGCHLD) received from 29
2025/10/29 04:02:48 [notice] 1#1: worker process 29 exited with code 0
2025/10/29 04:02:48 [notice] 1#1: signal 29 (SIGIO) received
2025/10/29 04:02:48 [notice] 1#1: signal 17 (SIGCHLD) received from 31
2025/10/29 04:02:48 [notice] 1#1: worker process 25 exited with code 0
2025/10/29 04:02:48 [notice] 1#1: worker process 28 exited with code 0
2025/10/29 04:02:48 [notice] 1#1: worker process 31 exited with code 0
2025/10/29 04:02:48 [notice] 1#1: worker process 34 exited with code 0
2025/10/29 04:02:48 [notice] 1#1: signal 29 (SIGIO) received
2025/10/29 04:02:48 [notice] 1#1: signal 17 (SIGCHLD) received from 34
2025/10/29 04:02:48 [notice] 1#1: signal 17 (SIGCHLD) received from 32
2025/10/29 04:02:48 [notice] 1#1: worker process 24 exited with code 0
2025/10/29 04:02:48 [notice] 1#1: worker process 30 exited with code 0
2025/10/29 04:02:48 [notice] 1#1: worker process 32 exited with code 0
2025/10/29 04:02:48 [notice] 1#1: worker process 35 exited with code 0
2025/10/29 04:02:48 [notice] 1#1: signal 29 (SIGIO) received
2025/10/29 04:02:48 [notice] 1#1: signal 17 (SIGCHLD) received from 30
2025/10/29 04:02:48 [notice] 1#1: signal 17 (SIGCHLD) received from 26
2025/10/29 04:02:48 [notice] 1#1: worker process 26 exited with code 0
2025/10/29 04:02:48 [notice] 1#1: worker process 27 exited with code 0
2025/10/29 04:02:48 [notice] 1#1: signal 29 (SIGIO) received
2025/10/29 04:02:48 [notice] 1#1: signal 17 (SIGCHLD) received from 27
2025/10/29 04:02:48 [notice] 1#1: worker process 22 exited with code 0
2025/10/29 04:02:48 [notice] 1#1: signal 29 (SIGIO) received
2025/10/29 04:02:48 [notice] 1#1: signal 17 (SIGCHLD) received from 23
2025/10/29 04:02:48 [notice] 1#1: worker process 21 exited with code 0
2025/10/29 04:02:48 [notice] 1#1: worker process 23 exited with code 0
2025/10/29 04:02:48 [notice] 1#1: worker process 33 exited with code 0
2025/10/29 04:02:48 [notice] 1#1: worker process 36 exited with code 0
2025/10/29 04:02:48 [notice] 1#1: exit
2025/11/04 04:26:38 [notice] 1#1: using the "epoll" event method
2025/11/04 04:26:38 [notice] 1#1: nginx/1.28.0
2025/11/04 04:26:38 [notice] 1#1: built by gcc 12.2.0 (Debian 12.2.0-14) 
2025/11/04 04:26:38 [notice] 1#1: OS: Linux 6.6.87.2-microsoft-standard-WSL2
2025/11/04 04:26:38 [notice] 1#1: getrlimit(RLIMIT_NOFILE): 1048576:1048576
2025/11/04 04:26:38 [notice] 1#1: start worker processes
2025/11/04 04:26:38 [notice] 1#1: start worker process 21
2025/11/04 04:26:38 [notice] 1#1: start worker process 22
2025/11/04 04:26:38 [notice] 1#1: start worker process 23
2025/11/04 04:26:38 [notice] 1#1: start worker process 24
2025/11/04 04:26:38 [notice] 1#1: start worker process 25
2025/11/04 04:26:38 [notice] 1#1: start worker process 26
2025/11/04 04:26:38 [notice] 1#1: start worker process 27
2025/11/04 04:26:38 [notice] 1#1: start worker process 28
2025/11/04 04:26:38 [notice] 1#1: start worker process 29
2025/11/04 04:26:38 [notice] 1#1: start worker process 30
2025/11/04 04:26:38 [notice] 1#1: start worker process 31
2025/11/04 04:26:38 [notice] 1#1: start worker process 32
2025/11/04 04:26:38 [notice] 1#1: start worker process 33
2025/11/04 04:26:38 [notice] 1#1: start worker process 34
2025/11/04 04:26:38 [notice] 1#1: start worker process 35
2025/11/04 04:26:38 [notice] 1#1: start worker process 36
2025/11/04 04:29:05 [notice] 1#1: signal 3 (SIGQUIT) received, shutting down
2025/11/04 04:29:05 [notice] 22#22: gracefully shutting down
2025/11/04 04:29:05 [notice] 23#23: gracefully shutting down
2025/11/04 04:29:05 [notice] 22#22: exiting
2025/11/04 04:29:05 [notice] 27#27: gracefully shutting down
2025/11/04 04:29:05 [notice] 25#25: gracefully shutting down
2025/11/04 04:29:05 [notice] 21#21: gracefully shutting down
2025/11/04 04:29:05 [notice] 28#28: gracefully shutting down
2025/11/04 04:29:05 [notice] 30#30: gracefully shutting down
2025/11/04 04:29:05 [notice] 24#24: gracefully shutting down
2025/11/04 04:29:05 [notice] 34#34: gracefully shutting down
2025/11/04 04:29:05 [notice] 31#31: gracefully shutting down
2025/11/04 04:29:05 [notice] 35#35: gracefully shutting down
2025/11/04 04:29:05 [notice] 31#31: exiting
2025/11/04 04:29:05 [notice] 29#29: gracefully shutting down
2025/11/04 04:29:05 [notice] 33#33: gracefully shutting down
2025/11/04 04:29:05 [notice] 32#32: gracefully shutting down
2025/11/04 04:29:05 [notice] 26#26: gracefully shutting down
2025/11/04 04:29:05 [notice] 36#36: gracefully shutting down
2025/11/04 04:29:05 [notice] 23#23: exiting
2025/11/04 04:29:05 [notice] 22#22: exit
2025/11/04 04:29:05 [notice] 27#27: exiting
2025/11/04 04:29:05 [notice] 25#25: exiting
2025/11/04 04:29:05 [notice] 21#21: exiting
2025/11/04 04:29:05 [notice] 28#28: exiting
2025/11/04 04:29:05 [notice] 30#30: exiting
2025/11/04 04:29:05 [notice] 24#24: exiting
2025/11/04 04:29:05 [notice] 30#30: exit
2025/11/04 04:29:05 [notice] 34#34: exiting
2025/11/04 04:29:05 [notice] 35#35: exiting
2025/11/04 04:29:05 [notice] 31#31: exit
2025/11/04 04:29:05 [notice] 29#29: exiting
2025/11/04 04:29:05 [notice] 33#33: exiting
2025/11/04 04:29:05 [notice] 32#32: exiting
2025/11/04 04:29:05 [notice] 26#26: exiting
2025/11/04 04:29:05 [notice] 23#23: exit
2025/11/04 04:29:05 [notice] 36#36: exiting
2025/11/04 04:29:05 [notice] 27#27: exit
2025/11/04 04:29:05 [notice] 25#25: exit
2025/11/04 04:29:05 [notice] 21#21: exit
2025/11/04 04:29:05 [notice] 28#28: exit
2025/11/04 04:29:05 [notice] 24#24: exit
2025/11/04 04:29:05 [notice] 34#34: exit
2025/11/04 04:29:05 [notice] 35#35: exit
2025/11/04 04:29:05 [notice] 29#29: exit
2025/11/04 04:29:05 [notice] 33#33: exit
2025/11/04 04:29:05 [notice] 32#32: exit
2025/11/04 04:29:05 [notice] 26#26: exit
2025/11/04 04:29:05 [notice] 36#36: exit
2025/11/04 04:29:05 [notice] 1#1: signal 17 (SIGCHLD) received from 30
2025/11/04 04:29:05 [notice] 1#1: worker process 22 exited with code 0
2025/11/04 04:29:05 [notice] 1#1: worker process 28 exited with code 0
2025/11/04 04:29:05 [notice] 1#1: worker process 29 exited with code 0
2025/11/04 04:29:05 [notice] 1#1: worker process 30 exited with code 0
2025/11/04 04:29:05 [notice] 1#1: worker process 31 exited with code 0
2025/11/04 04:29:05 [notice] 1#1: worker process 35 exited with code 0
2025/11/04 04:29:05 [notice] 1#1: signal 29 (SIGIO) received
2025/11/04 04:29:05 [notice] 1#1: signal 17 (SIGCHLD) received from 29
2025/11/04 04:29:05 [notice] 1#1: signal 17 (SIGCHLD) received from 34
2025/11/04 04:29:05 [notice] 1#1: worker process 21 exited with code 0
2025/11/04 04:29:05 [notice] 1#1: worker process 23 exited with code 0
2025/11/04 04:29:05 [notice] 1#1: worker process 25 exited with code 0
2025/11/04 04:29:05 [notice] 1#1: worker process 24 exited with code 0
2025/11/04 04:29:05 [notice] 1#1: worker process 26 exited with code 0
2025/11/04 04:29:05 [notice] 1#1: worker process 27 exited with code 0
2025/11/04 04:29:05 [notice] 1#1: worker process 32 exited with code 0
2025/11/04 04:29:05 [notice] 1#1: worker process 33 exited with code 0
2025/11/04 04:29:05 [notice] 1#1: worker process 34 exited with code 0
2025/11/04 04:29:05 [notice] 1#1: worker process 36 exited with code 0
2025/11/04 04:29:05 [notice] 1#1: exit
2025/11/04 04:29:41 [notice] 1#1: using the "epoll" event method
2025/11/04 04:29:41 [notice] 1#1: nginx/1.28.0
2025/11/04 04:29:41 [notice] 1#1: built by gcc 12.2.0 (Debian 12.2.0-14) 
2025/11/04 04:29:41 [notice] 1#1: OS: Linux 6.6.87.2-microsoft-standard-WSL2
2025/11/04 04:29:41 [notice] 1#1: getrlimit(RLIMIT_NOFILE): 1048576:1048576
2025/11/04 04:29:41 [notice] 1#1: start worker processes
2025/11/04 04:29:41 [notice] 1#1: start worker process 21
2025/11/04 04:29:41 [notice] 1#1: start worker process 22
2025/11/04 04:29:41 [notice] 1#1: start worker process 23
2025/11/04 04:29:41 [notice] 1#1: start worker process 24
2025/11/04 04:29:41 [notice] 1#1: start worker process 25
2025/11/04 04:29:41 [notice] 1#1: start worker process 26
2025/11/04 04:29:41 [notice] 1#1: start worker process 27
2025/11/04 04:29:41 [notice] 1#1: start worker process 28
2025/11/04 04:29:41 [notice] 1#1: start worker process 29
2025/11/04 04:29:41 [notice] 1#1: start worker process 30
2025/11/04 04:29:41 [notice] 1#1: start worker process 31
2025/11/04 04:29:41 [notice] 1#1: start worker process 32
2025/11/04 04:29:41 [notice] 1#1: start worker process 33
2025/11/04 04:29:41 [notice] 1#1: start worker process 34
2025/11/04 04:29:41 [notice] 1#1: start worker process 35
2025/11/04 04:29:41 [notice] 1#1: start worker process 36
2025/11/04 06:53:33 [notice] 1#1: signal 3 (SIGQUIT) received, shutting down
2025/11/04 06:53:33 [notice] 21#21: gracefully shutting down
2025/11/04 06:53:33 [notice] 22#22: gracefully shutting down
2025/11/04 06:53:33 [notice] 27#27: gracefully shutting down
2025/11/04 06:53:33 [notice] 29#29: gracefully shutting down
2025/11/04 06:53:33 [notice] 24#24: gracefully shutting down
2025/11/04 06:53:33 [notice] 25#25: gracefully shutting down
2025/11/04 06:53:33 [notice] 23#23: gracefully shutting down
2025/11/04 06:53:33 [notice] 30#30: gracefully shutting down
2025/11/04 06:53:33 [notice] 26#26: gracefully shutting down
2025/11/04 06:53:33 [notice] 31#31: gracefully shutting down
2025/11/04 06:53:33 [notice] 33#33: gracefully shutting down
2025/11/04 06:53:33 [notice] 28#28: gracefully shutting down
2025/11/04 06:53:33 [notice] 34#34: gracefully shutting down
2025/11/04 06:53:33 [notice] 36#36: gracefully shutting down
2025/11/04 06:53:33 [notice] 21#21: exiting
2025/11/04 06:53:33 [notice] 32#32: gracefully shutting down
2025/11/04 06:53:33 [notice] 36#36: exiting
2025/11/04 06:53:33 [notice] 35#35: gracefully shutting down
2025/11/04 06:53:33 [notice] 22#22: exiting
2025/11/04 06:53:33 [notice] 36#36: exit
2025/11/04 06:53:33 [notice] 27#27: exiting
2025/11/04 06:53:33 [notice] 22#22: exit
2025/11/04 06:53:33 [notice] 29#29: exiting
2025/11/04 06:53:33 [notice] 24#24: exiting
2025/11/04 06:53:33 [notice] 25#25: exiting
2025/11/04 06:53:33 [notice] 30#30: exiting
2025/11/04 06:53:33 [notice] 23#23: exiting
2025/11/04 06:53:33 [notice] 31#31: exiting
2025/11/04 06:53:33 [notice] 30#30: exit
2025/11/04 06:53:33 [notice] 33#33: exiting
2025/11/04 06:53:33 [notice] 26#26: exiting
2025/11/04 06:53:33 [notice] 28#28: exiting
2025/11/04 06:53:33 [notice] 34#34: exiting
2025/11/04 06:53:33 [notice] 21#21: exit
2025/11/04 06:53:33 [notice] 32#32: exiting
2025/11/04 06:53:33 [notice] 27#27: exit
2025/11/04 06:53:33 [notice] 35#35: exiting
2025/11/04 06:53:33 [notice] 29#29: exit
2025/11/04 06:53:33 [notice] 24#24: exit
2025/11/04 06:53:33 [notice] 25#25: exit
2025/11/04 06:53:33 [notice] 23#23: exit
2025/11/04 06:53:33 [notice] 31#31: exit
2025/11/04 06:53:33 [notice] 33#33: exit
2025/11/04 06:53:33 [notice] 26#26: exit
2025/11/04 06:53:33 [notice] 28#28: exit
2025/11/04 06:53:33 [notice] 34#34: exit
2025/11/04 06:53:33 [notice] 32#32: exit
2025/11/04 06:53:33 [notice] 35#35: exit
2025/11/04 06:53:33 [notice] 1#1: signal 17 (SIGCHLD) received from 30
2025/11/04 06:53:33 [notice] 1#1: worker process 30 exited with code 0
2025/11/04 06:53:33 [notice] 1#1: signal 29 (SIGIO) received
2025/11/04 06:53:33 [notice] 1#1: signal 17 (SIGCHLD) received from 32
2025/11/04 06:53:33 [notice] 1#1: worker process 32 exited with code 0
2025/11/04 06:53:33 [notice] 1#1: signal 29 (SIGIO) received
2025/11/04 06:53:33 [notice] 1#1: signal 17 (SIGCHLD) received from 35
2025/11/04 06:53:33 [notice] 1#1: worker process 23 exited with code 0
2025/11/04 06:53:33 [notice] 1#1: worker process 21 exited with code 0
2025/11/04 06:53:33 [notice] 1#1: worker process 26 exited with code 0
2025/11/04 06:53:33 [notice] 1#1: worker process 29 exited with code 0
2025/11/04 06:53:33 [notice] 1#1: worker process 35 exited with code 0
2025/11/04 06:53:33 [notice] 1#1: signal 29 (SIGIO) received
2025/11/04 06:53:33 [notice] 1#1: signal 17 (SIGCHLD) received from 26
2025/11/04 06:53:33 [notice] 1#1: signal 17 (SIGCHLD) received from 24
2025/11/04 06:53:33 [notice] 1#1: worker process 24 exited with code 0
2025/11/04 06:53:33 [notice] 1#1: worker process 25 exited with code 0
2025/11/04 06:53:33 [notice] 1#1: worker process 27 exited with code 0
2025/11/04 06:53:33 [notice] 1#1: worker process 28 exited with code 0
2025/11/04 06:53:33 [notice] 1#1: worker process 33 exited with code 0
2025/11/04 06:53:33 [notice] 1#1: worker process 36 exited with code 0
2025/11/04 06:53:33 [notice] 1#1: signal 29 (SIGIO) received
2025/11/04 06:53:33 [notice] 1#1: signal 17 (SIGCHLD) received from 27
2025/11/04 06:53:33 [notice] 1#1: signal 17 (SIGCHLD) received from 31
2025/11/04 06:53:33 [notice] 1#1: worker process 31 exited with code 0
2025/11/04 06:53:33 [notice] 1#1: signal 29 (SIGIO) received
2025/11/04 06:53:33 [notice] 1#1: signal 17 (SIGCHLD) received from 22
2025/11/04 06:53:33 [notice] 1#1: worker process 22 exited with code 0
2025/11/04 06:53:33 [notice] 1#1: signal 29 (SIGIO) received
2025/11/04 06:53:33 [notice] 1#1: signal 17 (SIGCHLD) received from 34
2025/11/04 06:53:33 [notice] 1#1: worker process 34 exited with code 0
2025/11/04 06:53:33 [notice] 1#1: exit
2025/11/04 20:44:41 [notice] 1#1: using the "epoll" event method
2025/11/04 20:44:41 [notice] 1#1: nginx/1.28.0
2025/11/04 20:44:41 [notice] 1#1: built by gcc 12.2.0 (Debian 12.2.0-14) 
2025/11/04 20:44:41 [notice] 1#1: OS: Linux 6.6.87.2-microsoft-standard-WSL2
2025/11/04 20:44:41 [notice] 1#1: getrlimit(RLIMIT_NOFILE): 1048576:1048576
2025/11/04 20:44:41 [notice] 1#1: start worker processes
2025/11/04 20:44:41 [notice] 1#1: start worker process 21
2025/11/04 20:44:41 [notice] 1#1: start worker process 22
2025/11/04 20:44:41 [notice] 1#1: start worker process 23
2025/11/04 20:44:41 [notice] 1#1: start worker process 24
2025/11/04 20:44:41 [notice] 1#1: start worker process 25
2025/11/04 20:44:41 [notice] 1#1: start worker process 26
2025/11/04 20:44:41 [notice] 1#1: start worker process 27
2025/11/04 20:44:41 [notice] 1#1: start worker process 28
2025/11/04 20:44:41 [notice] 1#1: start worker process 29
2025/11/04 20:44:41 [notice] 1#1: start worker process 30
2025/11/04 20:44:41 [notice] 1#1: start worker process 31
2025/11/04 20:44:41 [notice] 1#1: start worker process 32
2025/11/04 20:44:41 [notice] 1#1: start worker process 33
2025/11/04 20:44:41 [notice] 1#1: start worker process 34
2025/11/04 20:44:41 [notice] 1#1: start worker process 35
2025/11/04 20:44:41 [notice] 1#1: start worker process 36
2025/11/04 21:35:50 [notice] 1#1: signal 3 (SIGQUIT) received, shutting down
2025/11/04 21:35:50 [notice] 26#26: gracefully shutting down
2025/11/04 21:35:50 [notice] 25#25: gracefully shutting down
2025/11/04 21:35:50 [notice] 23#23: gracefully shutting down
2025/11/04 21:35:50 [notice] 24#24: gracefully shutting down
2025/11/04 21:35:50 [notice] 21#21: gracefully shutting down
2025/11/04 21:35:50 [notice] 33#33: gracefully shutting down
2025/11/04 21:35:50 [notice] 31#31: gracefully shutting down
2025/11/04 21:35:50 [notice] 34#34: gracefully shutting down
2025/11/04 21:35:50 [notice] 28#28: gracefully shutting down
2025/11/04 21:35:50 [notice] 32#32: gracefully shutting down
2025/11/04 21:35:50 [notice] 27#27: gracefully shutting down
2025/11/04 21:35:50 [notice] 29#29: gracefully shutting down
2025/11/04 21:35:50 [notice] 30#30: gracefully shutting down
2025/11/04 21:35:50 [notice] 35#35: gracefully shutting down
2025/11/04 21:35:50 [notice] 22#22: gracefully shutting down
2025/11/04 21:35:50 [notice] 26#26: exiting
2025/11/04 21:35:50 [notice] 25#25: exiting
2025/11/04 21:35:50 [notice] 36#36: gracefully shutting down
2025/11/04 21:35:50 [notice] 23#23: exiting
2025/11/04 21:35:50 [notice] 21#21: exiting
2025/11/04 21:35:50 [notice] 33#33: exiting
2025/11/04 21:35:50 [notice] 31#31: exiting
2025/11/04 21:35:50 [notice] 24#24: exiting
2025/11/04 21:35:50 [notice] 34#34: exiting
2025/11/04 21:35:50 [notice] 32#32: exiting
2025/11/04 21:35:50 [notice] 28#28: exiting
2025/11/04 21:35:50 [notice] 32#32: exit
2025/11/04 21:35:50 [notice] 27#27: exiting
2025/11/04 21:35:50 [notice] 29#29: exiting
2025/11/04 21:35:50 [notice] 30#30: exiting
2025/11/04 21:35:50 [notice] 35#35: exiting
2025/11/04 21:35:50 [notice] 25#25: exit
2025/11/04 21:35:50 [notice] 35#35: exit
2025/11/04 21:35:50 [notice] 26#26: exit
2025/11/04 21:35:50 [notice] 22#22: exiting
2025/11/04 21:35:50 [notice] 23#23: exit
2025/11/04 21:35:50 [notice] 21#21: exit
2025/11/04 21:35:50 [notice] 36#36: exiting
2025/11/04 21:35:50 [notice] 33#33: exit
2025/11/04 21:35:50 [notice] 31#31: exit
2025/11/04 21:35:50 [notice] 24#24: exit
2025/11/04 21:35:50 [notice] 34#34: exit
2025/11/04 21:35:50 [notice] 28#28: exit
2025/11/04 21:35:50 [notice] 27#27: exit
2025/11/04 21:35:50 [notice] 29#29: exit
2025/11/04 21:35:50 [notice] 30#30: exit
2025/11/04 21:35:50 [notice] 22#22: exit
2025/11/04 21:35:50 [notice] 36#36: exit
2025/11/04 21:35:51 [notice] 1#1: signal 17 (SIGCHLD) received from 27
2025/11/04 21:35:51 [notice] 1#1: worker process 27 exited with code 0
2025/11/04 21:35:51 [notice] 1#1: worker process 30 exited with code 0
2025/11/04 21:35:51 [notice] 1#1: worker process 22 exited with code 0
2025/11/04 21:35:51 [notice] 1#1: worker process 21 exited with code 0
2025/11/04 21:35:51 [notice] 1#1: worker process 23 exited with code 0
2025/11/04 21:35:51 [notice] 1#1: worker process 24 exited with code 0
2025/11/04 21:35:51 [notice] 1#1: worker process 31 exited with code 0
2025/11/04 21:35:51 [notice] 1#1: worker process 32 exited with code 0
2025/11/04 21:35:51 [notice] 1#1: worker process 35 exited with code 0
2025/11/04 21:35:51 [notice] 1#1: signal 29 (SIGIO) received
2025/11/04 21:35:51 [notice] 1#1: signal 17 (SIGCHLD) received from 32
2025/11/04 21:35:51 [notice] 1#1: signal 17 (SIGCHLD) received from 36
2025/11/04 21:35:51 [notice] 1#1: worker process 25 exited with code 0
2025/11/04 21:35:51 [notice] 1#1: worker process 26 exited with code 0
2025/11/04 21:35:51 [notice] 1#1: worker process 28 exited with code 0
2025/11/04 21:35:51 [notice] 1#1: worker process 29 exited with code 0
2025/11/04 21:35:51 [notice] 1#1: worker process 33 exited with code 0
2025/11/04 21:35:51 [notice] 1#1: worker process 34 exited with code 0
2025/11/04 21:35:51 [notice] 1#1: worker process 36 exited with code 0
2025/11/04 21:35:51 [notice] 1#1: exit
2025/11/04 21:41:04 [notice] 1#1: using the "epoll" event method
2025/11/04 21:41:04 [notice] 1#1: nginx/1.28.0
2025/11/04 21:41:04 [notice] 1#1: built by gcc 12.2.0 (Debian 12.2.0-14) 
2025/11/04 21:41:04 [notice] 1#1: OS: Linux 6.6.87.2-microsoft-standard-WSL2
2025/11/04 21:41:04 [notice] 1#1: getrlimit(RLIMIT_NOFILE): 1048576:1048576
2025/11/04 21:41:04 [notice] 1#1: start worker processes
2025/11/04 21:41:04 [notice] 1#1: start worker process 21
2025/11/04 21:41:04 [notice] 1#1: start worker process 22
2025/11/04 21:41:04 [notice] 1#1: start worker process 23
2025/11/04 21:41:04 [notice] 1#1: start worker process 24
2025/11/04 21:41:04 [notice] 1#1: start worker process 25
2025/11/04 21:41:04 [notice] 1#1: start worker process 26
2025/11/04 21:41:04 [notice] 1#1: start worker process 27
2025/11/04 21:41:04 [notice] 1#1: start worker process 28
2025/11/04 21:41:04 [notice] 1#1: start worker process 29
2025/11/04 21:41:04 [notice] 1#1: start worker process 30
2025/11/04 21:41:04 [notice] 1#1: start worker process 31
2025/11/04 21:41:04 [notice] 1#1: start worker process 32
2025/11/04 21:41:04 [notice] 1#1: start worker process 33
2025/11/04 21:41:04 [notice] 1#1: start worker process 34
2025/11/04 21:41:04 [notice] 1#1: start worker process 35
2025/11/04 21:41:04 [notice] 1#1: start worker process 36
2025/11/04 21:57:50 [notice] 1#1: signal 3 (SIGQUIT) received, shutting down
2025/11/04 21:57:50 [notice] 21#21: gracefully shutting down
2025/11/04 21:57:50 [notice] 31#31: gracefully shutting down
2025/11/04 21:57:50 [notice] 22#22: gracefully shutting down
2025/11/04 21:57:50 [notice] 24#24: gracefully shutting down
2025/11/04 21:57:50 [notice] 23#23: gracefully shutting down
2025/11/04 21:57:50 [notice] 26#26: gracefully shutting down
2025/11/04 21:57:50 [notice] 25#25: gracefully shutting down
2025/11/04 21:57:50 [notice] 26#26: exiting
2025/11/04 21:57:50 [notice] 28#28: gracefully shutting down
2025/11/04 21:57:50 [notice] 29#29: gracefully shutting down
2025/11/04 21:57:50 [notice] 30#30: gracefully shutting down
2025/11/04 21:57:50 [notice] 27#27: gracefully shutting down
2025/11/04 21:57:50 [notice] 33#33: gracefully shutting down
2025/11/04 21:57:50 [notice] 34#34: gracefully shutting down
2025/11/04 21:57:50 [notice] 34#34: exiting
2025/11/04 21:57:50 [notice] 32#32: gracefully shutting down
2025/11/04 21:57:50 [notice] 35#35: gracefully shutting down
2025/11/04 21:57:50 [notice] 36#36: gracefully shutting down
2025/11/04 21:57:50 [notice] 21#21: exiting
2025/11/04 21:57:50 [notice] 31#31: exiting
2025/11/04 21:57:50 [notice] 22#22: exiting
2025/11/04 21:57:50 [notice] 24#24: exiting
2025/11/04 21:57:50 [notice] 23#23: exiting
2025/11/04 21:57:50 [notice] 25#25: exiting
2025/11/04 21:57:50 [notice] 26#26: exit
2025/11/04 21:57:50 [notice] 28#28: exiting
2025/11/04 21:57:50 [notice] 29#29: exiting
2025/11/04 21:57:50 [notice] 30#30: exiting
2025/11/04 21:57:50 [notice] 27#27: exiting
2025/11/04 21:57:50 [notice] 33#33: exiting
2025/11/04 21:57:50 [notice] 34#34: exit
2025/11/04 21:57:50 [notice] 32#32: exiting
2025/11/04 21:57:50 [notice] 35#35: exiting
2025/11/04 21:57:50 [notice] 36#36: exiting
2025/11/04 21:57:50 [notice] 21#21: exit
2025/11/04 21:57:50 [notice] 31#31: exit
2025/11/04 21:57:50 [notice] 22#22: exit
2025/11/04 21:57:50 [notice] 24#24: exit
2025/11/04 21:57:50 [notice] 23#23: exit
2025/11/04 21:57:50 [notice] 25#25: exit
2025/11/04 21:57:50 [notice] 28#28: exit
2025/11/04 21:57:50 [notice] 29#29: exit
2025/11/04 21:57:50 [notice] 30#30: exit
2025/11/04 21:57:50 [notice] 27#27: exit
2025/11/04 21:57:50 [notice] 33#33: exit
2025/11/04 21:57:50 [notice] 32#32: exit
2025/11/04 21:57:50 [notice] 35#35: exit
2025/11/04 21:57:50 [notice] 36#36: exit
2025/11/04 21:57:50 [notice] 1#1: signal 17 (SIGCHLD) received from 26
2025/11/04 21:57:50 [notice] 1#1: worker process 23 exited with code 0
2025/11/04 21:57:50 [notice] 1#1: worker process 25 exited with code 0
2025/11/04 21:57:50 [notice] 1#1: worker process 26 exited with code 0
2025/11/04 21:57:50 [notice] 1#1: worker process 34 exited with code 0
2025/11/04 21:57:50 [notice] 1#1: signal 29 (SIGIO) received
2025/11/04 21:57:50 [notice] 1#1: signal 17 (SIGCHLD) received from 31
2025/11/04 21:57:50 [notice] 1#1: worker process 21 exited with code 0
2025/11/04 21:57:50 [notice] 1#1: worker process 22 exited with code 0
2025/11/04 21:57:50 [notice] 1#1: worker process 24 exited with code 0
2025/11/04 21:57:50 [notice] 1#1: worker process 27 exited with code 0
2025/11/04 21:57:50 [notice] 1#1: worker process 31 exited with code 0
2025/11/04 21:57:50 [notice] 1#1: signal 29 (SIGIO) received
2025/11/04 21:57:50 [notice] 1#1: signal 17 (SIGCHLD) received from 27
2025/11/04 21:57:50 [notice] 1#1: signal 17 (SIGCHLD) received from 30
2025/11/04 21:57:50 [notice] 1#1: worker process 30 exited with code 0
2025/11/04 21:57:50 [notice] 1#1: worker process 36 exited with code 0
2025/11/04 21:57:50 [notice] 1#1: signal 29 (SIGIO) received
2025/11/04 21:57:50 [notice] 1#1: signal 17 (SIGCHLD) received from 36
2025/11/04 21:57:50 [notice] 1#1: signal 17 (SIGCHLD) received from 32
2025/11/04 21:57:50 [notice] 1#1: worker process 28 exited with code 0
2025/11/04 21:57:50 [notice] 1#1: worker process 29 exited with code 0
2025/11/04 21:57:50 [notice] 1#1: worker process 32 exited with code 0
2025/11/04 21:57:50 [notice] 1#1: worker process 33 exited with code 0
2025/11/04 21:57:50 [notice] 1#1: worker process 35 exited with code 0
2025/11/04 21:57:50 [notice] 1#1: exit
2025/11/04 21:59:28 [notice] 1#1: using the "epoll" event method
2025/11/04 21:59:28 [notice] 1#1: nginx/1.28.0
2025/11/04 21:59:28 [notice] 1#1: built by gcc 12.2.0 (Debian 12.2.0-14) 
2025/11/04 21:59:28 [notice] 1#1: OS: Linux 6.6.87.2-microsoft-standard-WSL2
2025/11/04 21:59:28 [notice] 1#1: getrlimit(RLIMIT_NOFILE): 1048576:1048576
2025/11/04 21:59:28 [notice] 1#1: start worker processes
2025/11/04 21:59:28 [notice] 1#1: start worker process 22
2025/11/04 21:59:28 [notice] 1#1: start worker process 23
2025/11/04 21:59:28 [notice] 1#1: start worker process 24
2025/11/04 21:59:28 [notice] 1#1: start worker process 25
2025/11/04 21:59:28 [notice] 1#1: start worker process 26
2025/11/04 21:59:28 [notice] 1#1: start worker process 27
2025/11/04 21:59:28 [notice] 1#1: start worker process 28
2025/11/04 21:59:28 [notice] 1#1: start worker process 29
2025/11/04 21:59:28 [notice] 1#1: start worker process 30
2025/11/04 21:59:28 [notice] 1#1: start worker process 31
2025/11/04 21:59:28 [notice] 1#1: start worker process 32
2025/11/04 21:59:28 [notice] 1#1: start worker process 33
2025/11/04 21:59:28 [notice] 1#1: start worker process 34
2025/11/04 21:59:28 [notice] 1#1: start worker process 35
2025/11/04 21:59:28 [notice] 1#1: start worker process 36
2025/11/04 21:59:28 [notice] 1#1: start worker process 37
2025/11/05 02:59:32 [notice] 1#1: signal 3 (SIGQUIT) received, shutting down
2025/11/05 02:59:32 [notice] 25#25: gracefully shutting down
2025/11/05 02:59:32 [notice] 31#31: gracefully shutting down
2025/11/05 02:59:32 [notice] 32#32: gracefully shutting down
2025/11/05 02:59:32 [notice] 22#22: gracefully shutting down
2025/11/05 02:59:32 [notice] 29#29: gracefully shutting down
2025/11/05 02:59:32 [notice] 27#27: gracefully shutting down
2025/11/05 02:59:32 [notice] 24#24: gracefully shutting down
2025/11/05 02:59:32 [notice] 32#32: exiting
2025/11/05 02:59:32 [notice] 30#30: gracefully shutting down
2025/11/05 02:59:32 [notice] 35#35: gracefully shutting down
2025/11/05 02:59:32 [notice] 34#34: gracefully shutting down
2025/11/05 02:59:32 [notice] 28#28: gracefully shutting down
2025/11/05 02:59:32 [notice] 23#23: gracefully shutting down
2025/11/05 02:59:32 [notice] 30#30: exiting
2025/11/05 02:59:32 [notice] 26#26: gracefully shutting down
2025/11/05 02:59:32 [notice] 36#36: gracefully shutting down
2025/11/05 02:59:32 [notice] 35#35: exiting
2025/11/05 02:59:32 [notice] 37#37: gracefully shutting down
2025/11/05 02:59:32 [notice] 23#23: exiting
2025/11/05 02:59:32 [notice] 33#33: gracefully shutting down
2025/11/05 02:59:32 [notice] 25#25: exiting
2025/11/05 02:59:32 [notice] 31#31: exiting
2025/11/05 02:59:32 [notice] 22#22: exiting
2025/11/05 02:59:32 [notice] 27#27: exiting
2025/11/05 02:59:32 [notice] 31#31: exit
2025/11/05 02:59:32 [notice] 29#29: exiting
2025/11/05 02:59:32 [notice] 33#33: exiting
2025/11/05 02:59:32 [notice] 32#32: exit
2025/11/05 02:59:32 [notice] 24#24: exiting
2025/11/05 02:59:32 [notice] 28#28: exiting
2025/11/05 02:59:32 [notice] 30#30: exit
2025/11/05 02:59:32 [notice] 34#34: exiting
2025/11/05 02:59:32 [notice] 35#35: exit
2025/11/05 02:59:32 [notice] 23#23: exit
2025/11/05 02:59:32 [notice] 26#26: exiting
2025/11/05 02:59:32 [notice] 37#37: exiting
2025/11/05 02:59:32 [notice] 36#36: exiting
2025/11/05 02:59:32 [notice] 25#25: exit
2025/11/05 02:59:32 [notice] 22#22: exit
2025/11/05 02:59:32 [notice] 27#27: exit
2025/11/05 02:59:32 [notice] 29#29: exit
2025/11/05 02:59:32 [notice] 33#33: exit
2025/11/05 02:59:32 [notice] 24#24: exit
2025/11/05 02:59:32 [notice] 28#28: exit
2025/11/05 02:59:32 [notice] 34#34: exit
2025/11/05 02:59:32 [notice] 26#26: exit
2025/11/05 02:59:32 [notice] 36#36: exit
2025/11/05 02:59:32 [notice] 37#37: exit
2025/11/05 02:59:33 [notice] 1#1: signal 17 (SIGCHLD) received from 35
2025/11/05 02:59:33 [notice] 1#1: worker process 35 exited with code 0
2025/11/05 02:59:33 [notice] 1#1: signal 29 (SIGIO) received
2025/11/05 02:59:33 [notice] 1#1: signal 17 (SIGCHLD) received from 31
2025/11/05 02:59:33 [notice] 1#1: worker process 27 exited with code 0
2025/11/05 02:59:33 [notice] 1#1: worker process 31 exited with code 0
2025/11/05 02:59:33 [notice] 1#1: signal 29 (SIGIO) received
2025/11/05 02:59:33 [notice] 1#1: signal 17 (SIGCHLD) received from 27
2025/11/05 02:59:33 [notice] 1#1: signal 17 (SIGCHLD) received from 33
2025/11/05 02:59:33 [notice] 1#1: worker process 33 exited with code 0
2025/11/05 02:59:33 [notice] 1#1: signal 29 (SIGIO) received
2025/11/05 02:59:33 [notice] 1#1: signal 17 (SIGCHLD) received from 32
2025/11/05 02:59:33 [notice] 1#1: worker process 25 exited with code 0
2025/11/05 02:59:33 [notice] 1#1: worker process 22 exited with code 0
2025/11/05 02:59:33 [notice] 1#1: worker process 24 exited with code 0
2025/11/05 02:59:33 [notice] 1#1: worker process 26 exited with code 0
2025/11/05 02:59:33 [notice] 1#1: worker process 28 exited with code 0
2025/11/05 02:59:33 [notice] 1#1: worker process 23 exited with code 0
2025/11/05 02:59:33 [notice] 1#1: worker process 29 exited with code 0
2025/11/05 02:59:33 [notice] 1#1: worker process 30 exited with code 0
2025/11/05 02:59:33 [notice] 1#1: worker process 32 exited with code 0
2025/11/05 02:59:33 [notice] 1#1: worker process 34 exited with code 0
2025/11/05 02:59:33 [notice] 1#1: worker process 36 exited with code 0
2025/11/05 02:59:33 [notice] 1#1: worker process 37 exited with code 0
2025/11/05 02:59:33 [notice] 1#1: exit
2025/11/05 03:04:21 [notice] 1#1: using the "epoll" event method
2025/11/05 03:04:21 [notice] 1#1: nginx/1.28.0
2025/11/05 03:04:21 [notice] 1#1: built by gcc 12.2.0 (Debian 12.2.0-14) 
2025/11/05 03:04:21 [notice] 1#1: OS: Linux 6.6.87.2-microsoft-standard-WSL2
2025/11/05 03:04:21 [notice] 1#1: getrlimit(RLIMIT_NOFILE): 1048576:1048576
2025/11/05 03:04:21 [notice] 1#1: start worker processes
2025/11/05 03:04:21 [notice] 1#1: start worker process 21
2025/11/05 03:04:21 [notice] 1#1: start worker process 22
2025/11/05 03:04:21 [notice] 1#1: start worker process 23
2025/11/05 03:04:21 [notice] 1#1: start worker process 24
2025/11/05 03:04:21 [notice] 1#1: start worker process 25
2025/11/05 03:04:21 [notice] 1#1: start worker process 26
2025/11/05 03:04:21 [notice] 1#1: start worker process 27
2025/11/05 03:04:21 [notice] 1#1: start worker process 28
2025/11/05 03:04:21 [notice] 1#1: start worker process 29
2025/11/05 03:04:21 [notice] 1#1: start worker process 30
2025/11/05 03:04:21 [notice] 1#1: start worker process 31
2025/11/05 03:04:21 [notice] 1#1: start worker process 32
2025/11/05 03:04:21 [notice] 1#1: start worker process 33
2025/11/05 03:04:21 [notice] 1#1: start worker process 34
2025/11/05 03:04:21 [notice] 1#1: start worker process 35
2025/11/05 03:04:21 [notice] 1#1: start worker process 36
2025/11/05 03:04:22 [notice] 1#1: signal 3 (SIGQUIT) received, shutting down
2025/11/05 03:04:22 [notice] 21#21: gracefully shutting down
2025/11/05 03:04:22 [notice] 36#36: gracefully shutting down
2025/11/05 03:04:22 [notice] 22#22: gracefully shutting down
2025/11/05 03:04:22 [notice] 23#23: gracefully shutting down
2025/11/05 03:04:22 [notice] 25#25: gracefully shutting down
2025/11/05 03:04:22 [notice] 25#25: exiting
2025/11/05 03:04:22 [notice] 26#26: gracefully shutting down
2025/11/05 03:04:22 [notice] 25#25: exit
2025/11/05 03:04:22 [notice] 24#24: gracefully shutting down
2025/11/05 03:04:22 [notice] 24#24: exiting
2025/11/05 03:04:22 [notice] 27#27: gracefully shutting down
2025/11/05 03:04:22 [notice] 28#28: gracefully shutting down
2025/11/05 03:04:22 [notice] 29#29: gracefully shutting down
2025/11/05 03:04:22 [notice] 30#30: gracefully shutting down
2025/11/05 03:04:22 [notice] 31#31: gracefully shutting down
2025/11/05 03:04:22 [notice] 33#33: gracefully shutting down
2025/11/05 03:04:22 [notice] 32#32: gracefully shutting down
2025/11/05 03:04:22 [notice] 34#34: gracefully shutting down
2025/11/05 03:04:22 [notice] 34#34: exiting
2025/11/05 03:04:22 [notice] 35#35: gracefully shutting down
2025/11/05 03:04:22 [notice] 21#21: exiting
2025/11/05 03:04:22 [notice] 36#36: exiting
2025/11/05 03:04:22 [notice] 22#22: exiting
2025/11/05 03:04:22 [notice] 23#23: exiting
2025/11/05 03:04:22 [notice] 26#26: exiting
2025/11/05 03:04:22 [notice] 24#24: exit
2025/11/05 03:04:22 [notice] 27#27: exiting
2025/11/05 03:04:22 [notice] 28#28: exiting
2025/11/05 03:04:22 [notice] 29#29: exiting
2025/11/05 03:04:22 [notice] 30#30: exiting
2025/11/05 03:04:22 [notice] 31#31: exiting
2025/11/05 03:04:22 [notice] 33#33: exiting
2025/11/05 03:04:22 [notice] 32#32: exiting
2025/11/05 03:04:22 [notice] 34#34: exit
2025/11/05 03:04:22 [notice] 35#35: exiting
2025/11/05 03:04:22 [notice] 21#21: exit
2025/11/05 03:04:22 [notice] 36#36: exit
2025/11/05 03:04:22 [notice] 22#22: exit
2025/11/05 03:04:22 [notice] 23#23: exit
2025/11/05 03:04:22 [notice] 26#26: exit
2025/11/05 03:04:22 [notice] 27#27: exit
2025/11/05 03:04:22 [notice] 28#28: exit
2025/11/05 03:04:22 [notice] 29#29: exit
2025/11/05 03:04:22 [notice] 30#30: exit
2025/11/05 03:04:22 [notice] 31#31: exit
2025/11/05 03:04:22 [notice] 33#33: exit
2025/11/05 03:04:22 [notice] 32#32: exit
2025/11/05 03:04:22 [notice] 35#35: exit
2025/11/05 03:04:22 [notice] 1#1: signal 17 (SIGCHLD) received from 34
2025/11/05 03:04:22 [notice] 1#1: worker process 23 exited with code 0
2025/11/05 03:04:22 [notice] 1#1: worker process 26 exited with code 0
2025/11/05 03:04:22 [notice] 1#1: worker process 25 exited with code 0
2025/11/05 03:04:22 [notice] 1#1: worker process 29 exited with code 0
2025/11/05 03:04:22 [notice] 1#1: worker process 34 exited with code 0
2025/11/05 03:04:22 [notice] 1#1: signal 29 (SIGIO) received
2025/11/05 03:04:22 [notice] 1#1: signal 17 (SIGCHLD) received from 25
2025/11/05 03:04:22 [notice] 1#1: signal 17 (SIGCHLD) received from 30
2025/11/05 03:04:22 [notice] 1#1: worker process 22 exited with code 0
2025/11/05 03:04:22 [notice] 1#1: worker process 24 exited with code 0
2025/11/05 03:04:22 [notice] 1#1: worker process 27 exited with code 0
2025/11/05 03:04:22 [notice] 1#1: worker process 30 exited with code 0
2025/11/05 03:04:22 [notice] 1#1: worker process 31 exited with code 0
2025/11/05 03:04:22 [notice] 1#1: worker process 32 exited with code 0
2025/11/05 03:04:22 [notice] 1#1: worker process 33 exited with code 0
2025/11/05 03:04:22 [notice] 1#1: worker process 35 exited with code 0
2025/11/05 03:04:22 [notice] 1#1: worker process 36 exited with code 0
2025/11/05 03:04:22 [notice] 1#1: signal 29 (SIGIO) received
2025/11/05 03:04:22 [notice] 1#1: signal 17 (SIGCHLD) received from 32
2025/11/05 03:04:22 [notice] 1#1: signal 17 (SIGCHLD) received from 21
2025/11/05 03:04:22 [notice] 1#1: worker process 21 exited with code 0
2025/11/05 03:04:22 [notice] 1#1: worker process 28 exited with code 0
2025/11/05 03:04:22 [notice] 1#1: exit
2025/11/05 03:08:50 [notice] 1#1: using the "epoll" event method
2025/11/05 03:08:50 [notice] 1#1: nginx/1.28.0
2025/11/05 03:08:50 [notice] 1#1: built by gcc 12.2.0 (Debian 12.2.0-14) 
2025/11/05 03:08:50 [notice] 1#1: OS: Linux 6.6.87.2-microsoft-standard-WSL2
2025/11/05 03:08:50 [notice] 1#1: getrlimit(RLIMIT_NOFILE): 1048576:1048576
2025/11/05 03:08:50 [notice] 1#1: start worker processes
2025/11/05 03:08:50 [notice] 1#1: start worker process 21
2025/11/05 03:08:50 [notice] 1#1: start worker process 22
2025/11/05 03:08:50 [notice] 1#1: start worker process 23
2025/11/05 03:08:50 [notice] 1#1: start worker process 24
2025/11/05 03:08:50 [notice] 1#1: start worker process 25
2025/11/05 03:08:50 [notice] 1#1: start worker process 26
2025/11/05 03:08:50 [notice] 1#1: start worker process 27
2025/11/05 03:08:50 [notice] 1#1: start worker process 28
2025/11/05 03:08:50 [notice] 1#1: start worker process 29
2025/11/05 03:08:50 [notice] 1#1: start worker process 30
2025/11/05 03:08:50 [notice] 1#1: start worker process 31
2025/11/05 03:08:50 [notice] 1#1: start worker process 32
2025/11/05 03:08:50 [notice] 1#1: start worker process 33
2025/11/05 03:08:50 [notice] 1#1: start worker process 34
2025/11/05 03:08:50 [notice] 1#1: start worker process 35
2025/11/05 03:08:50 [notice] 1#1: start worker process 36
2025/11/05 04:13:29 [notice] 1#1: signal 3 (SIGQUIT) received, shutting down
2025/11/05 04:13:29 [notice] 24#24: gracefully shutting down
2025/11/05 04:13:29 [notice] 34#34: gracefully shutting down
2025/11/05 04:13:29 [notice] 25#25: gracefully shutting down
2025/11/05 04:13:29 [notice] 36#36: gracefully shutting down
2025/11/05 04:13:29 [notice] 26#26: gracefully shutting down
2025/11/05 04:13:29 [notice] 21#21: gracefully shutting down
2025/11/05 04:13:29 [notice] 29#29: gracefully shutting down
2025/11/05 04:13:29 [notice] 27#27: gracefully shutting down
2025/11/05 04:13:29 [notice] 28#28: gracefully shutting down
2025/11/05 04:13:29 [notice] 23#23: gracefully shutting down
2025/11/05 04:13:29 [notice] 30#30: gracefully shutting down
2025/11/05 04:13:29 [notice] 32#32: gracefully shutting down
2025/11/05 04:13:29 [notice] 22#22: gracefully shutting down
2025/11/05 04:13:29 [notice] 31#31: gracefully shutting down
2025/11/05 04:13:29 [notice] 35#35: gracefully shutting down
2025/11/05 04:13:29 [notice] 33#33: gracefully shutting down
2025/11/05 04:13:29 [notice] 24#24: exiting
2025/11/05 04:13:29 [notice] 34#34: exiting
2025/11/05 04:13:29 [notice] 25#25: exiting
2025/11/05 04:13:29 [notice] 36#36: exiting
2025/11/05 04:13:29 [notice] 26#26: exiting
2025/11/05 04:13:29 [notice] 21#21: exiting
2025/11/05 04:13:29 [notice] 29#29: exiting
2025/11/05 04:13:29 [notice] 27#27: exiting
2025/11/05 04:13:29 [notice] 28#28: exiting
2025/11/05 04:13:29 [notice] 23#23: exiting
2025/11/05 04:13:29 [notice] 30#30: exiting
2025/11/05 04:13:29 [notice] 22#22: exiting
2025/11/05 04:13:29 [notice] 32#32: exiting
2025/11/05 04:13:29 [notice] 35#35: exiting
2025/11/05 04:13:29 [notice] 31#31: exiting
2025/11/05 04:13:29 [notice] 24#24: exit
2025/11/05 04:13:29 [notice] 34#34: exit
2025/11/05 04:13:29 [notice] 33#33: exiting
2025/11/05 04:13:29 [notice] 25#25: exit
2025/11/05 04:13:29 [notice] 36#36: exit
2025/11/05 04:13:29 [notice] 26#26: exit
2025/11/05 04:13:29 [notice] 21#21: exit
2025/11/05 04:13:29 [notice] 29#29: exit
2025/11/05 04:13:29 [notice] 27#27: exit
2025/11/05 04:13:29 [notice] 28#28: exit
2025/11/05 04:13:29 [notice] 23#23: exit
2025/11/05 04:13:29 [notice] 30#30: exit
2025/11/05 04:13:29 [notice] 22#22: exit
2025/11/05 04:13:29 [notice] 32#32: exit
2025/11/05 04:13:29 [notice] 35#35: exit
2025/11/05 04:13:29 [notice] 31#31: exit
2025/11/05 04:13:29 [notice] 33#33: exit
2025/11/05 04:13:29 [notice] 1#1: signal 17 (SIGCHLD) received from 21
2025/11/05 04:13:29 [notice] 1#1: worker process 21 exited with code 0
2025/11/05 04:13:29 [notice] 1#1: worker process 22 exited with code 0
2025/11/05 04:13:29 [notice] 1#1: worker process 25 exited with code 0
2025/11/05 04:13:29 [notice] 1#1: worker process 27 exited with code 0
2025/11/05 04:13:29 [notice] 1#1: worker process 33 exited with code 0
2025/11/05 04:13:29 [notice] 1#1: signal 29 (SIGIO) received
2025/11/05 04:13:29 [notice] 1#1: signal 17 (SIGCHLD) received from 22
2025/11/05 04:13:29 [notice] 1#1: signal 17 (SIGCHLD) received from 24
2025/11/05 04:13:29 [notice] 1#1: worker process 24 exited with code 0
2025/11/05 04:13:29 [notice] 1#1: worker process 23 exited with code 0
2025/11/05 04:13:29 [notice] 1#1: worker process 26 exited with code 0
2025/11/05 04:13:29 [notice] 1#1: worker process 28 exited with code 0
2025/11/05 04:13:29 [notice] 1#1: worker process 29 exited with code 0
2025/11/05 04:13:29 [notice] 1#1: worker process 30 exited with code 0
2025/11/05 04:13:29 [notice] 1#1: worker process 31 exited with code 0
2025/11/05 04:13:29 [notice] 1#1: worker process 32 exited with code 0
2025/11/05 04:13:29 [notice] 1#1: worker process 34 exited with code 0
2025/11/05 04:13:29 [notice] 1#1: worker process 35 exited with code 0
2025/11/05 04:13:29 [notice] 1#1: worker process 36 exited with code 0
2025/11/05 04:13:29 [notice] 1#1: exit
2025/11/05 04:18:26 [emerg] 1#1: host not found in upstream "mediamtx" in /etc/nginx/conf.d/default.conf:41
2025/11/05 04:18:35 [emerg] 1#1: host not found in upstream "mediamtx" in /etc/nginx/conf.d/default.conf:41
2025/11/05 04:18:43 [emerg] 1#1: host not found in upstream "mediamtx" in /etc/nginx/conf.d/default.conf:41
2025/11/05 04:18:52 [emerg] 1#1: host not found in upstream "mediamtx" in /etc/nginx/conf.d/default.conf:41
2025/11/05 04:18:57 [emerg] 1#1: host not found in upstream "mediamtx" in /etc/nginx/conf.d/default.conf:41
2025/11/05 04:19:07 [emerg] 1#1: host not found in upstream "mediamtx" in /etc/nginx/conf.d/default.conf:41
2025/11/05 04:19:19 [emerg] 1#1: host not found in upstream "mediamtx" in /etc/nginx/conf.d/default.conf:41
2025/11/05 04:19:34 [emerg] 1#1: host not found in upstream "mediamtx" in /etc/nginx/conf.d/default.conf:41
2025/11/05 04:19:55 [emerg] 1#1: host not found in upstream "mediamtx" in /etc/nginx/conf.d/default.conf:41
2025/11/05 04:20:29 [emerg] 1#1: host not found in upstream "mediamtx" in /etc/nginx/conf.d/default.conf:41
2025/11/05 04:21:28 [emerg] 1#1: host not found in upstream "mediamtx" in /etc/nginx/conf.d/default.conf:41
2025/11/05 04:22:37 [emerg] 1#1: host not found in upstream "mediamtx" in /etc/nginx/conf.d/default.conf:41
2025/11/05 04:23:45 [emerg] 1#1: host not found in upstream "mediamtx" in /etc/nginx/conf.d/default.conf:41
2025/11/05 04:24:54 [emerg] 1#1: host not found in upstream "mediamtx" in /etc/nginx/conf.d/default.conf:41
2025/11/05 04:26:02 [emerg] 1#1: host not found in upstream "mediamtx" in /etc/nginx/conf.d/default.conf:41
2025/11/05 04:27:11 [emerg] 1#1: host not found in upstream "mediamtx" in /etc/nginx/conf.d/default.conf:41
2025/11/05 04:28:19 [emerg] 1#1: host not found in upstream "mediamtx" in /etc/nginx/conf.d/default.conf:41
2025/11/05 04:29:27 [emerg] 1#1: host not found in upstream "mediamtx" in /etc/nginx/conf.d/default.conf:41
2025/11/05 04:30:36 [emerg] 1#1: host not found in upstream "mediamtx" in /etc/nginx/conf.d/default.conf:41
2025/11/05 04:31:44 [notice] 1#1: using the "epoll" event method
2025/11/05 04:31:44 [notice] 1#1: nginx/1.28.0
2025/11/05 04:31:44 [notice] 1#1: built by gcc 12.2.0 (Debian 12.2.0-14) 
2025/11/05 04:31:44 [notice] 1#1: OS: Linux 6.6.87.2-microsoft-standard-WSL2
2025/11/05 04:31:44 [notice] 1#1: getrlimit(RLIMIT_NOFILE): 1048576:1048576
2025/11/05 04:31:44 [notice] 1#1: start worker processes
2025/11/05 04:31:44 [notice] 1#1: start worker process 21
2025/11/05 04:31:44 [notice] 1#1: start worker process 22
2025/11/05 04:31:44 [notice] 1#1: start worker process 23
2025/11/05 04:31:44 [notice] 1#1: start worker process 24
2025/11/05 04:31:44 [notice] 1#1: start worker process 25
2025/11/05 04:31:44 [notice] 1#1: start worker process 26
2025/11/05 04:31:44 [notice] 1#1: start worker process 27
2025/11/05 04:31:44 [notice] 1#1: start worker process 28
2025/11/05 04:31:44 [notice] 1#1: start worker process 29
2025/11/05 04:31:44 [notice] 1#1: start worker process 30
2025/11/05 04:31:44 [notice] 1#1: start worker process 31
2025/11/05 04:31:44 [notice] 1#1: start worker process 32
2025/11/05 04:31:44 [notice] 1#1: start worker process 33
2025/11/05 04:31:44 [notice] 1#1: start worker process 34
2025/11/05 04:31:44 [notice] 1#1: start worker process 35
2025/11/05 04:31:44 [notice] 1#1: start worker process 36
2025/11/05 04:36:02 [notice] 1#1: signal 3 (SIGQUIT) received, shutting down
2025/11/05 04:36:02 [notice] 21#21: gracefully shutting down
2025/11/05 04:36:02 [notice] 35#35: gracefully shutting down
2025/11/05 04:36:02 [notice] 22#22: gracefully shutting down
2025/11/05 04:36:02 [notice] 35#35: exiting
2025/11/05 04:36:02 [notice] 23#23: gracefully shutting down
2025/11/05 04:36:02 [notice] 25#25: gracefully shutting down
2025/11/05 04:36:02 [notice] 26#26: gracefully shutting down
2025/11/05 04:36:02 [notice] 24#24: gracefully shutting down
2025/11/05 04:36:02 [notice] 27#27: gracefully shutting down
2025/11/05 04:36:02 [notice] 28#28: gracefully shutting down
2025/11/05 04:36:02 [notice] 30#30: gracefully shutting down
2025/11/05 04:36:02 [notice] 31#31: gracefully shutting down
2025/11/05 04:36:02 [notice] 29#29: gracefully shutting down
2025/11/05 04:36:02 [notice] 32#32: gracefully shutting down
2025/11/05 04:36:02 [notice] 29#29: exiting
2025/11/05 04:36:02 [notice] 33#33: gracefully shutting down
2025/11/05 04:36:02 [notice] 36#36: gracefully shutting down
2025/11/05 04:36:02 [notice] 21#21: exiting
2025/11/05 04:36:02 [notice] 34#34: gracefully shutting down
2025/11/05 04:36:02 [notice] 22#22: exiting
2025/11/05 04:36:02 [notice] 35#35: exit
2025/11/05 04:36:02 [notice] 23#23: exiting
2025/11/05 04:36:02 [notice] 25#25: exiting
2025/11/05 04:36:02 [notice] 26#26: exiting
2025/11/05 04:36:02 [notice] 24#24: exiting
2025/11/05 04:36:02 [notice] 27#27: exiting
2025/11/05 04:36:02 [notice] 30#30: exiting
2025/11/05 04:36:02 [notice] 28#28: exiting
2025/11/05 04:36:02 [notice] 31#31: exiting
2025/11/05 04:36:02 [notice] 32#32: exiting
2025/11/05 04:36:02 [notice] 29#29: exit
2025/11/05 04:36:02 [notice] 36#36: exiting
2025/11/05 04:36:02 [notice] 21#21: exit
2025/11/05 04:36:02 [notice] 33#33: exiting
2025/11/05 04:36:02 [notice] 34#34: exiting
2025/11/05 04:36:02 [notice] 22#22: exit
2025/11/05 04:36:02 [notice] 23#23: exit
2025/11/05 04:36:02 [notice] 25#25: exit
2025/11/05 04:36:02 [notice] 26#26: exit
2025/11/05 04:36:02 [notice] 24#24: exit
2025/11/05 04:36:02 [notice] 27#27: exit
2025/11/05 04:36:02 [notice] 30#30: exit
2025/11/05 04:36:02 [notice] 28#28: exit
2025/11/05 04:36:02 [notice] 31#31: exit
2025/11/05 04:36:02 [notice] 32#32: exit
2025/11/05 04:36:02 [notice] 36#36: exit
2025/11/05 04:36:02 [notice] 33#33: exit
2025/11/05 04:36:02 [notice] 34#34: exit
2025/11/05 04:36:02 [notice] 1#1: signal 17 (SIGCHLD) received from 26
2025/11/05 04:36:02 [notice] 1#1: worker process 23 exited with code 0
2025/11/05 04:36:02 [notice] 1#1: worker process 26 exited with code 0
2025/11/05 04:36:02 [notice] 1#1: signal 29 (SIGIO) received
2025/11/05 04:36:02 [notice] 1#1: signal 17 (SIGCHLD) received from 23
2025/11/05 04:36:02 [notice] 1#1: worker process 31 exited with code 0
2025/11/05 04:36:02 [notice] 1#1: signal 29 (SIGIO) received
2025/11/05 04:36:02 [notice] 1#1: signal 17 (SIGCHLD) received from 31
2025/11/05 04:36:02 [notice] 1#1: signal 17 (SIGCHLD) received from 27
2025/11/05 04:36:02 [notice] 1#1: worker process 21 exited with code 0
2025/11/05 04:36:02 [notice] 1#1: worker process 22 exited with code 0
2025/11/05 04:36:02 [notice] 1#1: worker process 24 exited with code 0
2025/11/05 04:36:02 [notice] 1#1: worker process 25 exited with code 0
2025/11/05 04:36:02 [notice] 1#1: worker process 27 exited with code 0
2025/11/05 04:36:02 [notice] 1#1: worker process 28 exited with code 0
2025/11/05 04:36:02 [notice] 1#1: worker process 29 exited with code 0
2025/11/05 04:36:02 [notice] 1#1: worker process 30 exited with code 0
2025/11/05 04:36:02 [notice] 1#1: worker process 32 exited with code 0
2025/11/05 04:36:02 [notice] 1#1: worker process 33 exited with code 0
2025/11/05 04:36:02 [notice] 1#1: worker process 34 exited with code 0
2025/11/05 04:36:02 [notice] 1#1: worker process 35 exited with code 0
2025/11/05 04:36:02 [notice] 1#1: worker process 36 exited with code 0
2025/11/05 04:36:02 [notice] 1#1: exit
2025/11/05 04:40:44 [emerg] 1#1: host not found in upstream "mediamtx" in /etc/nginx/conf.d/default.conf:41
2025/11/05 04:40:53 [emerg] 1#1: host not found in upstream "mediamtx" in /etc/nginx/conf.d/default.conf:41
2025/11/05 04:41:02 [emerg] 1#1: host not found in upstream "mediamtx" in /etc/nginx/conf.d/default.conf:41
2025/11/05 04:41:11 [emerg] 1#1: host not found in upstream "mediamtx" in /etc/nginx/conf.d/default.conf:41
2025/11/05 04:41:20 [emerg] 1#1: host not found in upstream "mediamtx" in /etc/nginx/conf.d/default.conf:41
2025/11/05 04:41:26 [emerg] 1#1: host not found in upstream "mediamtx" in /etc/nginx/conf.d/default.conf:41
2025/11/05 04:41:37 [emerg] 1#1: host not found in upstream "mediamtx" in /etc/nginx/conf.d/default.conf:41
2025/11/05 04:41:52 [emerg] 1#1: host not found in upstream "mediamtx" in /etc/nginx/conf.d/default.conf:41
2025/11/05 04:42:13 [emerg] 1#1: host not found in upstream "mediamtx" in /etc/nginx/conf.d/default.conf:41
2025/11/05 04:42:47 [emerg] 1#1: host not found in upstream "mediamtx" in /etc/nginx/conf.d/default.conf:41
2025/11/05 04:43:43 [emerg] 1#1: host not found in upstream "mediamtx" in /etc/nginx/conf.d/default.conf:41
2025/11/05 04:44:52 [emerg] 1#1: host not found in upstream "mediamtx" in /etc/nginx/conf.d/default.conf:41
2025/11/05 04:46:00 [emerg] 1#1: host not found in upstream "mediamtx" in /etc/nginx/conf.d/default.conf:41
2025/11/05 04:47:08 [emerg] 1#1: host not found in upstream "mediamtx" in /etc/nginx/conf.d/default.conf:41
2025/11/05 04:48:17 [emerg] 1#1: host not found in upstream "mediamtx" in /etc/nginx/conf.d/default.conf:41
2025/11/05 04:49:25 [emerg] 1#1: host not found in upstream "mediamtx" in /etc/nginx/conf.d/default.conf:41
2025/11/05 04:50:30 [emerg] 1#1: host not found in upstream "mediamtx" in /etc/nginx/conf.d/default.conf:41
2025/11/05 04:51:34 [emerg] 1#1: host not found in upstream "mediamtx" in /etc/nginx/conf.d/default.conf:41
2025/11/05 04:52:42 [emerg] 1#1: host not found in upstream "mediamtx" in /etc/nginx/conf.d/default.conf:41
2025/11/05 04:53:47 [emerg] 1#1: host not found in upstream "mediamtx" in /etc/nginx/conf.d/default.conf:41
2025/11/05 04:59:20 [emerg] 1#1: host not found in upstream "mediamtx" in /etc/nginx/conf.d/default.conf:41
2025/11/05 04:59:29 [emerg] 1#1: host not found in upstream "mediamtx" in /etc/nginx/conf.d/default.conf:41
2025/11/05 04:59:34 [emerg] 1#1: host not found in upstream "mediamtx" in /etc/nginx/conf.d/default.conf:41
2025/11/05 04:59:43 [emerg] 1#1: host not found in upstream "mediamtx" in /etc/nginx/conf.d/default.conf:41
2025/11/05 04:59:52 [emerg] 1#1: host not found in upstream "mediamtx" in /etc/nginx/conf.d/default.conf:41
2025/11/05 05:00:02 [emerg] 1#1: host not found in upstream "mediamtx" in /etc/nginx/conf.d/default.conf:41
2025/11/05 05:00:09 [emerg] 1#1: host not found in upstream "mediamtx" in /etc/nginx/conf.d/default.conf:41
2025/11/05 05:00:24 [emerg] 1#1: host not found in upstream "mediamtx" in /etc/nginx/conf.d/default.conf:41
2025/11/05 05:00:41 [emerg] 1#1: host not found in upstream "mediamtx" in /etc/nginx/conf.d/default.conf:41
2025/11/05 05:01:15 [emerg] 1#1: host not found in upstream "mediamtx" in /etc/nginx/conf.d/default.conf:41
2025/11/05 05:38:28 [notice] 1#1: using the "epoll" event method
2025/11/05 05:38:28 [notice] 1#1: nginx/1.28.0
2025/11/05 05:38:28 [notice] 1#1: built by gcc 12.2.0 (Debian 12.2.0-14) 
2025/11/05 05:38:28 [notice] 1#1: OS: Linux 6.6.87.2-microsoft-standard-WSL2
2025/11/05 05:38:28 [notice] 1#1: getrlimit(RLIMIT_NOFILE): 1048576:1048576
2025/11/05 05:38:28 [notice] 1#1: start worker processes
2025/11/05 05:38:28 [notice] 1#1: start worker process 21
2025/11/05 05:38:28 [notice] 1#1: start worker process 22
2025/11/05 05:38:28 [notice] 1#1: start worker process 23
2025/11/05 05:38:28 [notice] 1#1: start worker process 24
2025/11/05 05:38:28 [notice] 1#1: start worker process 25
2025/11/05 05:38:28 [notice] 1#1: start worker process 26
2025/11/05 05:38:28 [notice] 1#1: start worker process 27
2025/11/05 05:38:28 [notice] 1#1: start worker process 28
2025/11/05 05:38:28 [notice] 1#1: start worker process 29
2025/11/05 05:38:28 [notice] 1#1: start worker process 30
2025/11/05 05:38:28 [notice] 1#1: start worker process 31
2025/11/05 05:38:28 [notice] 1#1: start worker process 32
2025/11/05 05:38:28 [notice] 1#1: start worker process 33
2025/11/05 05:38:28 [notice] 1#1: start worker process 34
2025/11/05 05:38:28 [notice] 1#1: start worker process 35
2025/11/05 05:38:28 [notice] 1#1: start worker process 36
2025/11/05 05:39:35 [notice] 1#1: signal 3 (SIGQUIT) received, shutting down
2025/11/05 05:39:35 [notice] 21#21: gracefully shutting down
2025/11/05 05:39:35 [notice] 36#36: gracefully shutting down
2025/11/05 05:39:35 [notice] 22#22: gracefully shutting down
2025/11/05 05:39:35 [notice] 22#22: exiting
2025/11/05 05:39:35 [notice] 24#24: gracefully shutting down
2025/11/05 05:39:35 [notice] 25#25: gracefully shutting down
2025/11/05 05:39:35 [notice] 23#23: gracefully shutting down
2025/11/05 05:39:35 [notice] 23#23: exiting
2025/11/05 05:39:35 [notice] 27#27: gracefully shutting down
2025/11/05 05:39:35 [notice] 28#28: gracefully shutting down
2025/11/05 05:39:35 [notice] 26#26: gracefully shutting down
2025/11/05 05:39:35 [notice] 26#26: exiting
2025/11/05 05:39:35 [notice] 29#29: gracefully shutting down
2025/11/05 05:39:35 [notice] 30#30: gracefully shutting down
2025/11/05 05:39:35 [notice] 31#31: gracefully shutting down
2025/11/05 05:39:35 [notice] 32#32: gracefully shutting down
2025/11/05 05:39:35 [notice] 33#33: gracefully shutting down
2025/11/05 05:39:35 [notice] 34#34: gracefully shutting down
2025/11/05 05:39:35 [notice] 35#35: gracefully shutting down
2025/11/05 05:39:35 [notice] 21#21: exiting
2025/11/05 05:39:35 [notice] 36#36: exiting
2025/11/05 05:39:35 [notice] 22#22: exit
2025/11/05 05:39:35 [notice] 24#24: exiting
2025/11/05 05:39:35 [notice] 25#25: exiting
2025/11/05 05:39:35 [notice] 23#23: exit
2025/11/05 05:39:35 [notice] 27#27: exiting
2025/11/05 05:39:35 [notice] 28#28: exiting
2025/11/05 05:39:35 [notice] 26#26: exit
2025/11/05 05:39:35 [notice] 29#29: exiting
2025/11/05 05:39:35 [notice] 30#30: exiting
2025/11/05 05:39:35 [notice] 31#31: exiting
2025/11/05 05:39:35 [notice] 32#32: exiting
2025/11/05 05:39:35 [notice] 33#33: exiting
2025/11/05 05:39:35 [notice] 34#34: exiting
2025/11/05 05:39:35 [notice] 35#35: exiting
2025/11/05 05:39:35 [notice] 21#21: exit
2025/11/05 05:39:35 [notice] 36#36: exit
2025/11/05 05:39:35 [notice] 24#24: exit
2025/11/05 05:39:35 [notice] 25#25: exit
2025/11/05 05:39:35 [notice] 27#27: exit
2025/11/05 05:39:35 [notice] 28#28: exit
2025/11/05 05:39:35 [notice] 29#29: exit
2025/11/05 05:39:35 [notice] 30#30: exit
2025/11/05 05:39:35 [notice] 31#31: exit
2025/11/05 05:39:35 [notice] 32#32: exit
2025/11/05 05:39:35 [notice] 33#33: exit
2025/11/05 05:39:35 [notice] 34#34: exit
2025/11/05 05:39:35 [notice] 35#35: exit
2025/11/05 05:39:35 [notice] 1#1: signal 17 (SIGCHLD) received from 35
2025/11/05 05:39:35 [notice] 1#1: worker process 25 exited with code 0
2025/11/05 05:39:35 [notice] 1#1: worker process 29 exited with code 0
2025/11/05 05:39:35 [notice] 1#1: worker process 35 exited with code 0
2025/11/05 05:39:35 [notice] 1#1: worker process 36 exited with code 0
2025/11/05 05:39:35 [notice] 1#1: signal 29 (SIGIO) received
2025/11/05 05:39:35 [notice] 1#1: signal 17 (SIGCHLD) received from 36
2025/11/05 05:39:35 [notice] 1#1: signal 17 (SIGCHLD) received from 32
2025/11/05 05:39:35 [notice] 1#1: worker process 23 exited with code 0
2025/11/05 05:39:35 [notice] 1#1: worker process 21 exited with code 0
2025/11/05 05:39:35 [notice] 1#1: worker process 24 exited with code 0
2025/11/05 05:39:35 [notice] 1#1: worker process 28 exited with code 0
2025/11/05 05:39:35 [notice] 1#1: worker process 31 exited with code 0
2025/11/05 05:39:35 [notice] 1#1: worker process 32 exited with code 0
2025/11/05 05:39:35 [notice] 1#1: worker process 33 exited with code 0
2025/11/05 05:39:35 [notice] 1#1: worker process 34 exited with code 0
2025/11/05 05:39:35 [notice] 1#1: signal 29 (SIGIO) received
2025/11/05 05:39:35 [notice] 1#1: signal 17 (SIGCHLD) received from 24
2025/11/05 05:39:35 [notice] 1#1: worker process 22 exited with code 0
2025/11/05 05:39:35 [notice] 1#1: worker process 26 exited with code 0
2025/11/05 05:39:35 [notice] 1#1: worker process 27 exited with code 0
2025/11/05 05:39:35 [notice] 1#1: signal 29 (SIGIO) received
2025/11/05 05:39:35 [notice] 1#1: signal 17 (SIGCHLD) received from 22
2025/11/05 05:39:35 [notice] 1#1: signal 17 (SIGCHLD) received from 30
2025/11/05 05:39:35 [notice] 1#1: worker process 30 exited with code 0
2025/11/05 05:39:35 [notice] 1#1: exit
2025/11/05 05:46:32 [emerg] 1#1: host not found in upstream "mediamtx" in /etc/nginx/conf.d/default.conf:41
2025/11/05 05:46:41 [emerg] 1#1: host not found in upstream "mediamtx" in /etc/nginx/conf.d/default.conf:41
2025/11/05 05:46:50 [emerg] 1#1: host not found in upstream "mediamtx" in /etc/nginx/conf.d/default.conf:41
2025/11/05 05:46:58 [emerg] 1#1: host not found in upstream "mediamtx" in /etc/nginx/conf.d/default.conf:41
2025/11/05 05:47:07 [emerg] 1#1: host not found in upstream "mediamtx" in /etc/nginx/conf.d/default.conf:41
2025/11/05 05:47:14 [emerg] 1#1: host not found in upstream "mediamtx" in /etc/nginx/conf.d/default.conf:41
2025/11/05 05:47:26 [emerg] 1#1: host not found in upstream "mediamtx" in /etc/nginx/conf.d/default.conf:41
2025/11/05 05:47:36 [emerg] 1#1: host not found in upstream "mediamtx" in /etc/nginx/conf.d/default.conf:41
2025/11/05 05:47:54 [emerg] 1#1: host not found in upstream "mediamtx" in /etc/nginx/conf.d/default.conf:41
2025/11/05 05:48:25 [emerg] 1#1: host not found in upstream "mediamtx" in /etc/nginx/conf.d/default.conf:41
2025/11/05 05:49:23 [notice] 1#1: using the "epoll" event method
2025/11/05 05:49:23 [notice] 1#1: nginx/1.28.0
2025/11/05 05:49:23 [notice] 1#1: built by gcc 12.2.0 (Debian 12.2.0-14) 
2025/11/05 05:49:23 [notice] 1#1: OS: Linux 6.6.87.2-microsoft-standard-WSL2
2025/11/05 05:49:23 [notice] 1#1: getrlimit(RLIMIT_NOFILE): 1048576:1048576
2025/11/05 05:49:23 [notice] 1#1: start worker processes
2025/11/05 05:49:23 [notice] 1#1: start worker process 21
2025/11/05 05:49:23 [notice] 1#1: start worker process 22
2025/11/05 05:49:23 [notice] 1#1: start worker process 23
2025/11/05 05:49:23 [notice] 1#1: start worker process 24
2025/11/05 05:49:23 [notice] 1#1: start worker process 25
2025/11/05 05:49:23 [notice] 1#1: start worker process 26
2025/11/05 05:49:23 [notice] 1#1: start worker process 27
2025/11/05 05:49:23 [notice] 1#1: start worker process 28
2025/11/05 05:49:23 [notice] 1#1: start worker process 29
2025/11/05 05:49:23 [notice] 1#1: start worker process 30
2025/11/05 05:49:23 [notice] 1#1: start worker process 31
2025/11/05 05:49:23 [notice] 1#1: start worker process 32
2025/11/05 05:49:23 [notice] 1#1: start worker process 33
2025/11/05 05:49:23 [notice] 1#1: start worker process 34
2025/11/05 05:49:23 [notice] 1#1: start worker process 35
2025/11/05 05:49:23 [notice] 1#1: start worker process 36
2025/11/06 00:04:34 [notice] 1#1: signal 3 (SIGQUIT) received, shutting down
2025/11/06 00:04:34 [notice] 27#27: gracefully shutting down
2025/11/06 00:04:34 [notice] 34#34: gracefully shutting down
2025/11/06 00:04:34 [notice] 26#26: gracefully shutting down
2025/11/06 00:04:34 [notice] 23#23: gracefully shutting down
2025/11/06 00:04:34 [notice] 25#25: gracefully shutting down
2025/11/06 00:04:34 [notice] 22#22: gracefully shutting down
2025/11/06 00:04:34 [notice] 21#21: gracefully shutting down
2025/11/06 00:04:34 [notice] 27#27: exiting
2025/11/06 00:04:34 [notice] 24#24: gracefully shutting down
2025/11/06 00:04:34 [notice] 28#28: gracefully shutting down
2025/11/06 00:04:34 [notice] 33#33: gracefully shutting down
2025/11/06 00:04:34 [notice] 30#30: gracefully shutting down
2025/11/06 00:04:34 [notice] 32#32: gracefully shutting down
2025/11/06 00:04:34 [notice] 22#22: exiting
2025/11/06 00:04:34 [notice] 31#31: gracefully shutting down
2025/11/06 00:04:34 [notice] 35#35: gracefully shutting down
2025/11/06 00:04:34 [notice] 36#36: gracefully shutting down
2025/11/06 00:04:34 [notice] 29#29: gracefully shutting down
2025/11/06 00:04:34 [notice] 34#34: exiting
2025/11/06 00:04:34 [notice] 26#26: exiting
2025/11/06 00:04:34 [notice] 25#25: exiting
2025/11/06 00:04:34 [notice] 23#23: exiting
2025/11/06 00:04:34 [notice] 27#27: exit
2025/11/06 00:04:34 [notice] 21#21: exiting
2025/11/06 00:04:34 [notice] 22#22: exit
2025/11/06 00:04:34 [notice] 24#24: exiting
2025/11/06 00:04:34 [notice] 28#28: exiting
2025/11/06 00:04:34 [notice] 33#33: exiting
2025/11/06 00:04:34 [notice] 30#30: exiting
2025/11/06 00:04:34 [notice] 32#32: exiting
2025/11/06 00:04:34 [notice] 31#31: exiting
2025/11/06 00:04:34 [notice] 30#30: exit
2025/11/06 00:04:34 [notice] 34#34: exit
2025/11/06 00:04:34 [notice] 26#26: exit
2025/11/06 00:04:34 [notice] 35#35: exiting
2025/11/06 00:04:34 [notice] 36#36: exiting
2025/11/06 00:04:34 [notice] 25#25: exit
2025/11/06 00:04:34 [notice] 23#23: exit
2025/11/06 00:04:34 [notice] 29#29: exiting
2025/11/06 00:04:34 [notice] 21#21: exit
2025/11/06 00:04:34 [notice] 24#24: exit
2025/11/06 00:04:34 [notice] 28#28: exit
2025/11/06 00:04:34 [notice] 33#33: exit
2025/11/06 00:04:34 [notice] 32#32: exit
2025/11/06 00:04:34 [notice] 31#31: exit
2025/11/06 00:04:34 [notice] 35#35: exit
2025/11/06 00:04:34 [notice] 36#36: exit
2025/11/06 00:04:34 [notice] 29#29: exit
2025/11/06 00:04:34 [notice] 1#1: signal 17 (SIGCHLD) received from 35
2025/11/06 00:04:34 [notice] 1#1: worker process 26 exited with code 0
2025/11/06 00:04:34 [notice] 1#1: worker process 28 exited with code 0
2025/11/06 00:04:34 [notice] 1#1: worker process 34 exited with code 0
2025/11/06 00:04:34 [notice] 1#1: worker process 35 exited with code 0
2025/11/06 00:04:34 [notice] 1#1: signal 29 (SIGIO) received
2025/11/06 00:04:34 [notice] 1#1: signal 17 (SIGCHLD) received from 26
2025/11/06 00:04:34 [notice] 1#1: signal 17 (SIGCHLD) received from 23
2025/11/06 00:04:34 [notice] 1#1: worker process 23 exited with code 0
2025/11/06 00:04:34 [notice] 1#1: worker process 32 exited with code 0
2025/11/06 00:04:34 [notice] 1#1: signal 29 (SIGIO) received
2025/11/06 00:04:34 [notice] 1#1: signal 17 (SIGCHLD) received from 32
2025/11/06 00:04:34 [notice] 1#1: signal 17 (SIGCHLD) received from 25
2025/11/06 00:04:34 [notice] 1#1: worker process 22 exited with code 0
2025/11/06 00:04:34 [notice] 1#1: worker process 24 exited with code 0
2025/11/06 00:04:34 [notice] 1#1: worker process 25 exited with code 0
2025/11/06 00:04:34 [notice] 1#1: worker process 27 exited with code 0
2025/11/06 00:04:34 [notice] 1#1: worker process 21 exited with code 0
2025/11/06 00:04:34 [notice] 1#1: worker process 29 exited with code 0
2025/11/06 00:04:34 [notice] 1#1: worker process 30 exited with code 0
2025/11/06 00:04:34 [notice] 1#1: worker process 31 exited with code 0
2025/11/06 00:04:34 [notice] 1#1: worker process 33 exited with code 0
2025/11/06 00:04:34 [notice] 1#1: worker process 36 exited with code 0
2025/11/06 00:04:34 [notice] 1#1: exit
2025/11/06 00:21:09 [notice] 1#1: using the "epoll" event method
2025/11/06 00:21:09 [notice] 1#1: nginx/1.28.0
2025/11/06 00:21:09 [notice] 1#1: built by gcc 12.2.0 (Debian 12.2.0-14) 
2025/11/06 00:21:09 [notice] 1#1: OS: Linux 6.6.87.2-microsoft-standard-WSL2
2025/11/06 00:21:09 [notice] 1#1: getrlimit(RLIMIT_NOFILE): 1048576:1048576
2025/11/06 00:21:09 [notice] 1#1: start worker processes
2025/11/06 00:21:09 [notice] 1#1: start worker process 21
2025/11/06 00:21:09 [notice] 1#1: start worker process 22
2025/11/06 00:21:09 [notice] 1#1: start worker process 23
2025/11/06 00:21:09 [notice] 1#1: start worker process 24
2025/11/06 00:21:09 [notice] 1#1: start worker process 25
2025/11/06 00:21:09 [notice] 1#1: start worker process 26
2025/11/06 00:21:09 [notice] 1#1: start worker process 27
2025/11/06 00:21:09 [notice] 1#1: start worker process 28
2025/11/06 00:21:09 [notice] 1#1: start worker process 29
2025/11/06 00:21:09 [notice] 1#1: start worker process 30
2025/11/06 00:21:09 [notice] 1#1: start worker process 31
2025/11/06 00:21:09 [notice] 1#1: start worker process 32
2025/11/06 00:21:09 [notice] 1#1: start worker process 33
2025/11/06 00:21:09 [notice] 1#1: start worker process 34
2025/11/06 00:21:09 [notice] 1#1: start worker process 35
2025/11/06 00:21:09 [notice] 1#1: start worker process 36
2025/11/06 00:32:49 [notice] 1#1: using the "epoll" event method
2025/11/06 00:32:49 [notice] 1#1: nginx/1.28.0
2025/11/06 00:32:49 [notice] 1#1: built by gcc 12.2.0 (Debian 12.2.0-14) 
2025/11/06 00:32:49 [notice] 1#1: OS: Linux 6.6.87.2-microsoft-standard-WSL2
2025/11/06 00:32:49 [notice] 1#1: getrlimit(RLIMIT_NOFILE): 1048576:1048576
2025/11/06 00:32:49 [notice] 1#1: start worker processes
2025/11/06 00:32:49 [notice] 1#1: start worker process 21
2025/11/06 00:32:49 [notice] 1#1: start worker process 22
2025/11/06 00:32:49 [notice] 1#1: start worker process 23
2025/11/06 00:32:49 [notice] 1#1: start worker process 24
2025/11/06 00:32:49 [notice] 1#1: start worker process 25
2025/11/06 00:32:49 [notice] 1#1: start worker process 26
2025/11/06 00:32:49 [notice] 1#1: start worker process 27
2025/11/06 00:32:49 [notice] 1#1: start worker process 28
2025/11/06 00:32:49 [notice] 1#1: start worker process 29
2025/11/06 00:32:49 [notice] 1#1: start worker process 30
2025/11/06 00:32:49 [notice] 1#1: start worker process 31
2025/11/06 00:32:49 [notice] 1#1: start worker process 32
2025/11/06 00:32:49 [notice] 1#1: start worker process 33
2025/11/06 00:32:49 [notice] 1#1: start worker process 34
2025/11/06 00:32:49 [notice] 1#1: start worker process 35
2025/11/06 00:32:49 [notice] 1#1: start worker process 36
2025/11/06 01:23:05 [notice] 1#1: signal 3 (SIGQUIT) received, shutting down
2025/11/06 01:23:05 [notice] 21#21: gracefully shutting down
2025/11/06 01:23:05 [notice] 29#29: gracefully shutting down
2025/11/06 01:23:05 [notice] 35#35: gracefully shutting down
2025/11/06 01:23:05 [notice] 34#34: gracefully shutting down
2025/11/06 01:23:05 [notice] 28#28: gracefully shutting down
2025/11/06 01:23:05 [notice] 27#27: gracefully shutting down
2025/11/06 01:23:05 [notice] 26#26: gracefully shutting down
2025/11/06 01:23:05 [notice] 27#27: exiting
2025/11/06 01:23:05 [notice] 22#22: gracefully shutting down
2025/11/06 01:23:05 [notice] 27#27: exit
2025/11/06 01:23:05 [notice] 32#32: gracefully shutting down
2025/11/06 01:23:05 [notice] 23#23: gracefully shutting down
2025/11/06 01:23:05 [notice] 33#33: gracefully shutting down
2025/11/06 01:23:05 [notice] 24#24: gracefully shutting down
2025/11/06 01:23:05 [notice] 30#30: gracefully shutting down
2025/11/06 01:23:05 [notice] 32#32: exiting
2025/11/06 01:23:05 [notice] 31#31: gracefully shutting down
2025/11/06 01:23:05 [notice] 32#32: exit
2025/11/06 01:23:05 [notice] 36#36: gracefully shutting down
2025/11/06 01:23:05 [notice] 25#25: gracefully shutting down
2025/11/06 01:23:05 [notice] 29#29: exiting
2025/11/06 01:23:05 [notice] 21#21: exiting
2025/11/06 01:23:05 [notice] 34#34: exiting
2025/11/06 01:23:05 [notice] 34#34: exit
2025/11/06 01:23:05 [notice] 35#35: exiting
2025/11/06 01:23:05 [notice] 28#28: exiting
2025/11/06 01:23:05 [notice] 26#26: exiting
2025/11/06 01:23:05 [notice] 23#23: exiting
2025/11/06 01:23:05 [notice] 28#28: exit
2025/11/06 01:23:05 [notice] 33#33: exiting
2025/11/06 01:23:05 [notice] 22#22: exiting
2025/11/06 01:23:05 [notice] 36#36: exiting
2025/11/06 01:23:05 [notice] 29#29: exit
2025/11/06 01:23:05 [notice] 21#21: exit
2025/11/06 01:23:05 [notice] 25#25: exiting
2025/11/06 01:23:05 [notice] 24#24: exiting
2025/11/06 01:23:05 [notice] 31#31: exiting
2025/11/06 01:23:05 [notice] 30#30: exiting
2025/11/06 01:23:05 [notice] 25#25: exit
2025/11/06 01:23:05 [notice] 26#26: exit
2025/11/06 01:23:05 [notice] 31#31: exit
2025/11/06 01:23:05 [notice] 35#35: exit
2025/11/06 01:23:05 [notice] 23#23: exit
2025/11/06 01:23:05 [notice] 33#33: exit
2025/11/06 01:23:05 [notice] 22#22: exit
2025/11/06 01:23:05 [notice] 36#36: exit
2025/11/06 01:23:05 [notice] 30#30: exit
2025/11/06 01:23:05 [notice] 24#24: exit
2025/11/06 01:23:05 [notice] 1#1: signal 17 (SIGCHLD) received from 27
2025/11/06 01:23:05 [notice] 1#1: worker process 27 exited with code 0
2025/11/06 01:23:05 [notice] 1#1: signal 29 (SIGIO) received
2025/11/06 01:23:05 [notice] 1#1: signal 17 (SIGCHLD) received from 34
2025/11/06 01:23:05 [notice] 1#1: worker process 22 exited with code 0
2025/11/06 01:23:05 [notice] 1#1: worker process 28 exited with code 0
2025/11/06 01:23:05 [notice] 1#1: worker process 29 exited with code 0
2025/11/06 01:23:05 [notice] 1#1: worker process 34 exited with code 0
2025/11/06 01:23:05 [notice] 1#1: signal 29 (SIGIO) received
2025/11/06 01:23:05 [notice] 1#1: signal 17 (SIGCHLD) received from 26
2025/11/06 01:23:05 [notice] 1#1: worker process 21 exited with code 0
2025/11/06 01:23:05 [notice] 1#1: worker process 23 exited with code 0
2025/11/06 01:23:05 [notice] 1#1: worker process 25 exited with code 0
2025/11/06 01:23:05 [notice] 1#1: worker process 26 exited with code 0
2025/11/06 01:23:05 [notice] 1#1: worker process 32 exited with code 0
2025/11/06 01:23:05 [notice] 1#1: worker process 33 exited with code 0
2025/11/06 01:23:05 [notice] 1#1: worker process 35 exited with code 0
2025/11/06 01:23:05 [notice] 1#1: worker process 36 exited with code 0
2025/11/06 01:23:05 [notice] 1#1: signal 29 (SIGIO) received
2025/11/06 01:23:05 [notice] 1#1: signal 17 (SIGCHLD) received from 35
2025/11/06 01:23:05 [notice] 1#1: signal 17 (SIGCHLD) received from 24
2025/11/06 01:23:05 [notice] 1#1: worker process 24 exited with code 0
2025/11/06 01:23:05 [notice] 1#1: worker process 30 exited with code 0
2025/11/06 01:23:05 [notice] 1#1: worker process 31 exited with code 0
2025/11/06 01:23:05 [notice] 1#1: exit
2025/11/06 01:25:05 [emerg] 1#1: host not found in upstream "mediamtx" in /etc/nginx/conf.d/default.conf:41
2025/11/06 01:25:14 [emerg] 1#1: host not found in upstream "mediamtx" in /etc/nginx/conf.d/default.conf:41
2025/11/06 01:25:18 [emerg] 1#1: host not found in upstream "mediamtx" in /etc/nginx/conf.d/default.conf:41
2025/11/06 01:25:23 [emerg] 1#1: host not found in upstream "mediamtx" in /etc/nginx/conf.d/default.conf:41
2025/11/06 01:25:32 [emerg] 1#1: host not found in upstream "mediamtx" in /etc/nginx/conf.d/default.conf:41
2025/11/06 01:25:38 [emerg] 1#1: host not found in upstream "mediamtx" in /etc/nginx/conf.d/default.conf:41
2025/11/06 01:25:46 [emerg] 1#1: host not found in upstream "mediamtx" in /etc/nginx/conf.d/default.conf:41
2025/11/06 01:25:56 [emerg] 1#1: host not found in upstream "mediamtx" in /etc/nginx/conf.d/default.conf:41
2025/11/06 01:26:18 [emerg] 1#1: host not found in upstream "mediamtx" in /etc/nginx/conf.d/default.conf:41
2025/11/06 01:26:49 [emerg] 1#1: host not found in upstream "mediamtx" in /etc/nginx/conf.d/default.conf:41
2025/11/06 01:27:46 [emerg] 1#1: host not found in upstream "mediamtx" in /etc/nginx/conf.d/default.conf:41
2025/11/06 01:28:56 [emerg] 1#1: host not found in upstream "mediamtx" in /etc/nginx/conf.d/default.conf:41
2025/11/06 01:30:06 [emerg] 1#1: host not found in upstream "mediamtx" in /etc/nginx/conf.d/default.conf:41
2025/11/06 01:31:17 [emerg] 1#1: host not found in upstream "mediamtx" in /etc/nginx/conf.d/default.conf:41
2025/11/06 01:32:23 [emerg] 1#1: host not found in upstream "mediamtx" in /etc/nginx/conf.d/default.conf:41
2025/11/06 01:33:32 [emerg] 1#1: host not found in upstream "mediamtx" in /etc/nginx/conf.d/default.conf:41
2025/11/06 01:34:42 [emerg] 1#1: host not found in upstream "mediamtx" in /etc/nginx/conf.d/default.conf:41
2025/11/06 01:35:48 [emerg] 1#1: host not found in upstream "mediamtx" in /etc/nginx/conf.d/default.conf:41
2025/11/06 01:36:59 [emerg] 1#1: host not found in upstream "mediamtx" in /etc/nginx/conf.d/default.conf:41
2025/11/06 01:38:09 [emerg] 1#1: host not found in upstream "mediamtx" in /etc/nginx/conf.d/default.conf:41
2025/11/06 01:39:15 [emerg] 1#1: host not found in upstream "mediamtx" in /etc/nginx/conf.d/default.conf:41
2025/11/06 01:40:25 [emerg] 1#1: host not found in upstream "mediamtx" in /etc/nginx/conf.d/default.conf:41
2025/11/06 01:41:36 [emerg] 1#1: host not found in upstream "mediamtx" in /etc/nginx/conf.d/default.conf:41
2025/11/06 01:42:42 [emerg] 1#1: host not found in upstream "mediamtx" in /etc/nginx/conf.d/default.conf:41
2025/11/06 01:43:52 [emerg] 1#1: host not found in upstream "mediamtx" in /etc/nginx/conf.d/default.conf:41
2025/11/06 01:44:58 [emerg] 1#1: host not found in upstream "mediamtx" in /etc/nginx/conf.d/default.conf:41
2025/11/06 01:46:04 [emerg] 1#1: host not found in upstream "mediamtx" in /etc/nginx/conf.d/default.conf:41
2025/11/06 01:47:11 [emerg] 1#1: host not found in upstream "mediamtx" in /etc/nginx/conf.d/default.conf:41
2025/11/06 01:48:21 [emerg] 1#1: host not found in upstream "mediamtx" in /etc/nginx/conf.d/default.conf:41
2025/11/06 01:49:31 [emerg] 1#1: host not found in upstream "mediamtx" in /etc/nginx/conf.d/default.conf:41
2025/11/06 01:50:41 [emerg] 1#1: host not found in upstream "mediamtx" in /etc/nginx/conf.d/default.conf:41
2025/11/06 01:51:47 [emerg] 1#1: host not found in upstream "mediamtx" in /etc/nginx/conf.d/default.conf:41
2025/11/06 01:52:54 [emerg] 1#1: host not found in upstream "mediamtx" in /etc/nginx/conf.d/default.conf:41
2025/11/06 01:54:00 [emerg] 1#1: host not found in upstream "mediamtx" in /etc/nginx/conf.d/default.conf:41
2025/11/06 01:55:10 [emerg] 1#1: host not found in upstream "mediamtx" in /etc/nginx/conf.d/default.conf:41
2025/11/06 01:56:16 [emerg] 1#1: host not found in upstream "mediamtx" in /etc/nginx/conf.d/default.conf:41
2025/11/06 01:57:22 [emerg] 1#1: host not found in upstream "mediamtx" in /etc/nginx/conf.d/default.conf:41
2025/11/06 01:58:28 [emerg] 1#1: host not found in upstream "mediamtx" in /etc/nginx/conf.d/default.conf:41
2025/11/06 01:59:39 [emerg] 1#1: host not found in upstream "mediamtx" in /etc/nginx/conf.d/default.conf:41
2025/11/06 02:00:49 [emerg] 1#1: host not found in upstream "mediamtx" in /etc/nginx/conf.d/default.conf:41
2025/11/06 02:01:55 [emerg] 1#1: host not found in upstream "mediamtx" in /etc/nginx/conf.d/default.conf:41
2025/11/06 02:03:01 [emerg] 1#1: host not found in upstream "mediamtx" in /etc/nginx/conf.d/default.conf:41
2025/11/06 02:04:07 [emerg] 1#1: host not found in upstream "mediamtx" in /etc/nginx/conf.d/default.conf:41
2025/11/06 02:05:18 [emerg] 1#1: host not found in upstream "mediamtx" in /etc/nginx/conf.d/default.conf:41
2025/11/06 02:06:28 [emerg] 1#1: host not found in upstream "mediamtx" in /etc/nginx/conf.d/default.conf:41
2025/11/06 02:07:38 [emerg] 1#1: host not found in upstream "mediamtx" in /etc/nginx/conf.d/default.conf:41
2025/11/06 02:08:44 [emerg] 1#1: host not found in upstream "mediamtx" in /etc/nginx/conf.d/default.conf:41
2025/11/06 02:09:55 [emerg] 1#1: host not found in upstream "mediamtx" in /etc/nginx/conf.d/default.conf:41
2025/11/06 02:11:05 [emerg] 1#1: host not found in upstream "mediamtx" in /etc/nginx/conf.d/default.conf:41
2025/11/06 02:12:11 [emerg] 1#1: host not found in upstream "mediamtx" in /etc/nginx/conf.d/default.conf:41
2025/11/06 02:13:21 [emerg] 1#1: host not found in upstream "mediamtx" in /etc/nginx/conf.d/default.conf:41
2025/11/06 02:14:32 [emerg] 1#1: host not found in upstream "mediamtx" in /etc/nginx/conf.d/default.conf:41
2025/11/06 02:15:42 [emerg] 1#1: host not found in upstream "mediamtx" in /etc/nginx/conf.d/default.conf:41
2025/11/06 02:16:52 [emerg] 1#1: host not found in upstream "mediamtx" in /etc/nginx/conf.d/default.conf:41
2025/11/06 02:17:58 [emerg] 1#1: host not found in upstream "mediamtx" in /etc/nginx/conf.d/default.conf:41
2025/11/06 02:19:09 [emerg] 1#1: host not found in upstream "mediamtx" in /etc/nginx/conf.d/default.conf:41
2025/11/06 02:20:15 [emerg] 1#1: host not found in upstream "mediamtx" in /etc/nginx/conf.d/default.conf:41
2025/11/06 02:21:25 [emerg] 1#1: host not found in upstream "mediamtx" in /etc/nginx/conf.d/default.conf:41
2025/11/06 02:22:35 [emerg] 1#1: host not found in upstream "mediamtx" in /etc/nginx/conf.d/default.conf:41
2025/11/06 02:23:41 [emerg] 1#1: host not found in upstream "mediamtx" in /etc/nginx/conf.d/default.conf:41
2025/11/06 02:24:52 [emerg] 1#1: host not found in upstream "mediamtx" in /etc/nginx/conf.d/default.conf:41
2025/11/06 02:26:58 [emerg] 1#1: host not found in upstream "mediamtx" in /etc/nginx/conf.d/default.conf:41
2025/11/06 02:27:06 [emerg] 1#1: host not found in upstream "mediamtx" in /etc/nginx/conf.d/default.conf:41
2025/11/06 02:27:11 [emerg] 1#1: host not found in upstream "mediamtx" in /etc/nginx/conf.d/default.conf:41
2025/11/06 02:27:15 [emerg] 1#1: host not found in upstream "mediamtx" in /etc/nginx/conf.d/default.conf:41
2025/11/06 02:27:20 [emerg] 1#1: host not found in upstream "mediamtx" in /etc/nginx/conf.d/default.conf:41
2025/11/06 02:27:27 [emerg] 1#1: host not found in upstream "mediamtx" in /etc/nginx/conf.d/default.conf:41
2025/11/06 02:27:38 [emerg] 1#1: host not found in upstream "mediamtx" in /etc/nginx/conf.d/default.conf:41
2025/11/06 02:27:49 [emerg] 1#1: host not found in upstream "mediamtx" in /etc/nginx/conf.d/default.conf:41
2025/11/06 02:28:06 [emerg] 1#1: host not found in upstream "mediamtx" in /etc/nginx/conf.d/default.conf:41
2025/11/06 02:28:41 [emerg] 1#1: host not found in upstream "mediamtx" in /etc/nginx/conf.d/default.conf:41
2025/11/06 02:29:38 [emerg] 1#1: host not found in upstream "mediamtx" in /etc/nginx/conf.d/default.conf:41
2025/11/06 02:30:48 [emerg] 1#1: host not found in upstream "mediamtx" in /etc/nginx/conf.d/default.conf:41
2025/11/06 02:31:54 [emerg] 1#1: host not found in upstream "mediamtx" in /etc/nginx/conf.d/default.conf:41
2025/11/06 02:33:00 [emerg] 1#1: host not found in upstream "mediamtx" in /etc/nginx/conf.d/default.conf:41
2025/11/06 02:34:07 [emerg] 1#1: host not found in upstream "mediamtx" in /etc/nginx/conf.d/default.conf:41
2025/11/06 02:35:14 [emerg] 1#1: host not found in upstream "mediamtx" in /etc/nginx/conf.d/default.conf:41
2025/11/06 02:36:20 [emerg] 1#1: host not found in upstream "mediamtx" in /etc/nginx/conf.d/default.conf:41
2025/11/06 02:37:30 [emerg] 1#1: host not found in upstream "mediamtx" in /etc/nginx/conf.d/default.conf:41
2025/11/06 02:38:36 [emerg] 1#1: host not found in upstream "mediamtx" in /etc/nginx/conf.d/default.conf:41
2025/11/06 02:39:47 [emerg] 1#1: host not found in upstream "mediamtx" in /etc/nginx/conf.d/default.conf:41
2025/11/06 02:40:57 [emerg] 1#1: host not found in upstream "mediamtx" in /etc/nginx/conf.d/default.conf:41
2025/11/06 02:43:21 [emerg] 1#1: host not found in upstream "mediamtx" in /etc/nginx/conf.d/default.conf:41
2025/11/06 02:43:30 [emerg] 1#1: host not found in upstream "mediamtx" in /etc/nginx/conf.d/default.conf:41
2025/11/06 02:43:39 [emerg] 1#1: host not found in upstream "mediamtx" in /etc/nginx/conf.d/default.conf:41
2025/11/06 02:43:43 [emerg] 1#1: host not found in upstream "mediamtx" in /etc/nginx/conf.d/default.conf:41
2025/11/06 02:43:52 [emerg] 1#1: host not found in upstream "mediamtx" in /etc/nginx/conf.d/default.conf:41
2025/11/06 02:43:59 [emerg] 1#1: host not found in upstream "mediamtx" in /etc/nginx/conf.d/default.conf:41
2025/11/06 02:44:10 [emerg] 1#1: host not found in upstream "mediamtx" in /etc/nginx/conf.d/default.conf:41
2025/11/06 02:44:21 [emerg] 1#1: host not found in upstream "mediamtx" in /etc/nginx/conf.d/default.conf:41
2025/11/06 02:44:42 [emerg] 1#1: host not found in upstream "mediamtx" in /etc/nginx/conf.d/default.conf:41
2025/11/06 02:45:13 [emerg] 1#1: host not found in upstream "mediamtx" in /etc/nginx/conf.d/default.conf:41
2025/11/06 02:46:14 [emerg] 1#1: host not found in upstream "mediamtx" in /etc/nginx/conf.d/default.conf:41
2025/11/06 02:47:21 [emerg] 1#1: host not found in upstream "mediamtx" in /etc/nginx/conf.d/default.conf:41
2025/11/06 02:48:30 [emerg] 1#1: host not found in upstream "mediamtx" in /etc/nginx/conf.d/default.conf:41
2025/11/06 02:49:38 [emerg] 1#1: host not found in upstream "mediamtx" in /etc/nginx/conf.d/default.conf:41
2025/11/06 02:50:48 [emerg] 1#1: host not found in upstream "mediamtx" in /etc/nginx/conf.d/default.conf:41
2025/11/06 02:51:58 [emerg] 1#1: host not found in upstream "mediamtx" in /etc/nginx/conf.d/default.conf:41
2025/11/06 02:53:04 [emerg] 1#1: host not found in upstream "mediamtx" in /etc/nginx/conf.d/default.conf:41
2025/11/06 02:54:10 [emerg] 1#1: host not found in upstream "mediamtx" in /etc/nginx/conf.d/default.conf:41
2025/11/06 02:55:21 [emerg] 1#1: host not found in upstream "mediamtx" in /etc/nginx/conf.d/default.conf:41
2025/11/06 02:56:31 [emerg] 1#1: host not found in upstream "mediamtx" in /etc/nginx/conf.d/default.conf:41
2025/11/06 02:57:37 [emerg] 1#1: host not found in upstream "mediamtx" in /etc/nginx/conf.d/default.conf:41
2025/11/06 02:58:43 [emerg] 1#1: host not found in upstream "mediamtx" in /etc/nginx/conf.d/default.conf:41
2025/11/06 02:59:54 [emerg] 1#1: host not found in upstream "mediamtx" in /etc/nginx/conf.d/default.conf:41
2025/11/06 03:01:01 [emerg] 1#1: host not found in upstream "mediamtx" in /etc/nginx/conf.d/default.conf:41
2025/11/06 03:02:07 [emerg] 1#1: host not found in upstream "mediamtx" in /etc/nginx/conf.d/default.conf:41
2025/11/06 03:03:13 [emerg] 1#1: host not found in upstream "mediamtx" in /etc/nginx/conf.d/default.conf:41
2025/11/06 03:04:23 [emerg] 1#1: host not found in upstream "mediamtx" in /etc/nginx/conf.d/default.conf:41
2025/11/06 03:05:33 [emerg] 1#1: host not found in upstream "mediamtx" in /etc/nginx/conf.d/default.conf:41
2025/11/06 03:06:44 [emerg] 1#1: host not found in upstream "mediamtx" in /etc/nginx/conf.d/default.conf:41
2025/11/06 03:07:53 [emerg] 1#1: host not found in upstream "mediamtx" in /etc/nginx/conf.d/default.conf:41
2025/11/06 03:09:00 [emerg] 1#1: host not found in upstream "mediamtx" in /etc/nginx/conf.d/default.conf:41
2025/11/06 03:10:10 [emerg] 1#1: host not found in upstream "mediamtx" in /etc/nginx/conf.d/default.conf:41
2025/11/06 03:11:17 [emerg] 1#1: host not found in upstream "mediamtx" in /etc/nginx/conf.d/default.conf:41
2025/11/06 03:12:23 [emerg] 1#1: host not found in upstream "mediamtx" in /etc/nginx/conf.d/default.conf:41
2025/11/06 03:13:29 [emerg] 1#1: host not found in upstream "mediamtx" in /etc/nginx/conf.d/default.conf:41
2025/11/06 03:14:40 [emerg] 1#1: host not found in upstream "mediamtx" in /etc/nginx/conf.d/default.conf:41
2025/11/06 03:15:50 [emerg] 1#1: host not found in upstream "mediamtx" in /etc/nginx/conf.d/default.conf:41
2025/11/06 03:16:57 [emerg] 1#1: host not found in upstream "mediamtx" in /etc/nginx/conf.d/default.conf:41
2025/11/06 03:18:07 [emerg] 1#1: host not found in upstream "mediamtx" in /etc/nginx/conf.d/default.conf:41
2025/11/06 03:19:17 [emerg] 1#1: host not found in upstream "mediamtx" in /etc/nginx/conf.d/default.conf:41
2025/11/06 03:20:27 [emerg] 1#1: host not found in upstream "mediamtx" in /etc/nginx/conf.d/default.conf:41
2025/11/06 03:21:38 [emerg] 1#1: host not found in upstream "mediamtx" in /etc/nginx/conf.d/default.conf:41
2025/11/06 03:22:44 [emerg] 1#1: host not found in upstream "mediamtx" in /etc/nginx/conf.d/default.conf:41
2025/11/06 03:23:51 [emerg] 1#1: host not found in upstream "mediamtx" in /etc/nginx/conf.d/default.conf:41
2025/11/06 03:25:01 [emerg] 1#1: host not found in upstream "mediamtx" in /etc/nginx/conf.d/default.conf:41
2025/11/06 03:26:11 [emerg] 1#1: host not found in upstream "mediamtx" in /etc/nginx/conf.d/default.conf:41
2025/11/06 03:27:22 [emerg] 1#1: host not found in upstream "mediamtx" in /etc/nginx/conf.d/default.conf:41
2025/11/06 03:28:28 [emerg] 1#1: host not found in upstream "mediamtx" in /etc/nginx/conf.d/default.conf:41
2025/11/06 03:29:38 [emerg] 1#1: host not found in upstream "mediamtx" in /etc/nginx/conf.d/default.conf:41
2025/11/06 03:32:29 [emerg] 1#1: host not found in upstream "mediamtx" in /etc/nginx/conf.d/default.conf:41
2025/11/06 03:32:34 [emerg] 1#1: host not found in upstream "mediamtx" in /etc/nginx/conf.d/default.conf:41
2025/11/06 03:32:38 [emerg] 1#1: host not found in upstream "mediamtx" in /etc/nginx/conf.d/default.conf:41
2025/11/06 03:32:43 [emerg] 1#1: host not found in upstream "mediamtx" in /etc/nginx/conf.d/default.conf:41
2025/11/06 03:32:52 [emerg] 1#1: host not found in upstream "mediamtx" in /etc/nginx/conf.d/default.conf:41
2025/11/06 03:32:59 [emerg] 1#1: host not found in upstream "mediamtx" in /etc/nginx/conf.d/default.conf:41
2025/11/06 03:33:06 [emerg] 1#1: host not found in upstream "mediamtx" in /etc/nginx/conf.d/default.conf:41
2025/11/06 03:33:17 [emerg] 1#1: host not found in upstream "mediamtx" in /etc/nginx/conf.d/default.conf:41
2025/11/06 03:33:34 [emerg] 1#1: host not found in upstream "mediamtx" in /etc/nginx/conf.d/default.conf:41
2025/11/06 03:34:05 [emerg] 1#1: host not found in upstream "mediamtx" in /etc/nginx/conf.d/default.conf:41
2025/11/06 03:35:07 [emerg] 1#1: host not found in upstream "mediamtx" in /etc/nginx/conf.d/default.conf:41
2025/11/06 03:36:16 [emerg] 1#1: host not found in upstream "mediamtx" in /etc/nginx/conf.d/default.conf:41
2025/11/06 03:37:23 [emerg] 1#1: host not found in upstream "mediamtx" in /etc/nginx/conf.d/default.conf:41
2025/11/06 03:38:29 [emerg] 1#1: host not found in upstream "mediamtx" in /etc/nginx/conf.d/default.conf:41
2025/11/06 03:39:39 [emerg] 1#1: host not found in upstream "mediamtx" in /etc/nginx/conf.d/default.conf:41
2025/11/06 03:40:46 [emerg] 1#1: host not found in upstream "mediamtx" in /etc/nginx/conf.d/default.conf:41
2025/11/06 03:41:52 [emerg] 1#1: host not found in upstream "mediamtx" in /etc/nginx/conf.d/default.conf:41
2025/11/06 03:43:02 [emerg] 1#1: host not found in upstream "mediamtx" in /etc/nginx/conf.d/default.conf:41
2025/11/06 03:44:08 [emerg] 1#1: host not found in upstream "mediamtx" in /etc/nginx/conf.d/default.conf:41
2025/11/06 03:45:15 [emerg] 1#1: host not found in upstream "mediamtx" in /etc/nginx/conf.d/default.conf:41
2025/11/06 03:46:26 [emerg] 1#1: host not found in upstream "mediamtx" in /etc/nginx/conf.d/default.conf:52
2025/11/06 03:47:36 [emerg] 1#1: host not found in upstream "mediamtx" in /etc/nginx/conf.d/default.conf:52
2025/11/06 03:48:42 [emerg] 1#1: host not found in upstream "mediamtx" in /etc/nginx/conf.d/default.conf:52
2025/11/06 03:49:52 [emerg] 1#1: host not found in upstream "mediamtx" in /etc/nginx/conf.d/default.conf:52
2025/11/06 03:50:59 [emerg] 1#1: host not found in upstream "mediamtx" in /etc/nginx/conf.d/default.conf:52
2025/11/06 03:52:06 [emerg] 1#1: host not found in upstream "mediamtx" in /etc/nginx/conf.d/default.conf:52
2025/11/06 03:53:12 [emerg] 1#1: host not found in upstream "mediamtx" in /etc/nginx/conf.d/default.conf:52
2025/11/06 03:54:18 [emerg] 1#1: host not found in upstream "mediamtx" in /etc/nginx/conf.d/default.conf:52
2025/11/06 03:55:46 [notice] 1#1: using the "epoll" event method
2025/11/06 03:55:46 [notice] 1#1: nginx/1.28.0
2025/11/06 03:55:46 [notice] 1#1: built by gcc 12.2.0 (Debian 12.2.0-14) 
2025/11/06 03:55:46 [notice] 1#1: OS: Linux 6.6.87.2-microsoft-standard-WSL2
2025/11/06 03:55:46 [notice] 1#1: getrlimit(RLIMIT_NOFILE): 1048576:1048576
2025/11/06 03:55:46 [notice] 1#1: start worker processes
2025/11/06 03:55:46 [notice] 1#1: start worker process 21
2025/11/06 03:55:46 [notice] 1#1: start worker process 22
2025/11/06 03:55:46 [notice] 1#1: start worker process 23
2025/11/06 03:55:46 [notice] 1#1: start worker process 24
2025/11/06 03:55:46 [notice] 1#1: start worker process 25
2025/11/06 03:55:46 [notice] 1#1: start worker process 26
2025/11/06 03:55:46 [notice] 1#1: start worker process 27
2025/11/06 03:55:46 [notice] 1#1: start worker process 28
2025/11/06 03:55:46 [notice] 1#1: start worker process 29
2025/11/06 03:55:46 [notice] 1#1: start worker process 30
2025/11/06 03:55:46 [notice] 1#1: start worker process 31
2025/11/06 03:55:46 [notice] 1#1: start worker process 32
2025/11/06 03:55:46 [notice] 1#1: start worker process 33
2025/11/06 03:55:46 [notice] 1#1: start worker process 34
2025/11/06 03:55:46 [notice] 1#1: start worker process 35
2025/11/06 03:55:46 [notice] 1#1: start worker process 36
2025/11/06 04:19:39 [notice] 1#1: signal 3 (SIGQUIT) received, shutting down
2025/11/06 04:19:39 [notice] 21#21: gracefully shutting down
2025/11/06 04:19:39 [notice] 35#35: gracefully shutting down
2025/11/06 04:19:39 [notice] 22#22: gracefully shutting down
2025/11/06 04:19:39 [notice] 23#23: gracefully shutting down
2025/11/06 04:19:39 [notice] 24#24: gracefully shutting down
2025/11/06 04:19:39 [notice] 25#25: gracefully shutting down
2025/11/06 04:19:39 [notice] 27#27: gracefully shutting down
2025/11/06 04:19:39 [notice] 26#26: gracefully shutting down
2025/11/06 04:19:39 [notice] 28#28: gracefully shutting down
2025/11/06 04:19:39 [notice] 29#29: gracefully shutting down
2025/11/06 04:19:39 [notice] 30#30: gracefully shutting down
2025/11/06 04:19:39 [notice] 32#32: gracefully shutting down
2025/11/06 04:19:39 [notice] 31#31: gracefully shutting down
2025/11/06 04:19:39 [notice] 33#33: gracefully shutting down
2025/11/06 04:19:39 [notice] 34#34: gracefully shutting down
2025/11/06 04:19:39 [notice] 36#36: gracefully shutting down
2025/11/06 04:19:39 [notice] 21#21: exiting
2025/11/06 04:19:39 [notice] 35#35: exiting
2025/11/06 04:19:39 [notice] 22#22: exiting
2025/11/06 04:19:39 [notice] 23#23: exiting
2025/11/06 04:19:39 [notice] 24#24: exiting
2025/11/06 04:19:39 [notice] 25#25: exiting
2025/11/06 04:19:39 [notice] 27#27: exiting
2025/11/06 04:19:39 [notice] 26#26: exiting
2025/11/06 04:19:39 [notice] 28#28: exiting
2025/11/06 04:19:39 [notice] 29#29: exiting
2025/11/06 04:19:39 [notice] 30#30: exiting
2025/11/06 04:19:39 [notice] 32#32: exiting
2025/11/06 04:19:39 [notice] 31#31: exiting
2025/11/06 04:19:39 [notice] 33#33: exiting
2025/11/06 04:19:39 [notice] 34#34: exiting
2025/11/06 04:19:39 [notice] 36#36: exiting
2025/11/06 04:19:39 [notice] 21#21: exit
2025/11/06 04:19:39 [notice] 35#35: exit
2025/11/06 04:19:39 [notice] 22#22: exit
2025/11/06 04:19:39 [notice] 23#23: exit
2025/11/06 04:19:39 [notice] 24#24: exit
2025/11/06 04:19:39 [notice] 25#25: exit
2025/11/06 04:19:39 [notice] 27#27: exit
2025/11/06 04:19:39 [notice] 26#26: exit
2025/11/06 04:19:39 [notice] 28#28: exit
2025/11/06 04:19:39 [notice] 29#29: exit
2025/11/06 04:19:39 [notice] 30#30: exit
2025/11/06 04:19:39 [notice] 32#32: exit
2025/11/06 04:19:39 [notice] 31#31: exit
2025/11/06 04:19:39 [notice] 33#33: exit
2025/11/06 04:19:39 [notice] 34#34: exit
2025/11/06 04:19:39 [notice] 36#36: exit
2025/11/06 04:19:39 [notice] 1#1: signal 17 (SIGCHLD) received from 35
2025/11/06 04:19:39 [notice] 1#1: worker process 35 exited with code 0
2025/11/06 04:19:39 [notice] 1#1: signal 29 (SIGIO) received
2025/11/06 04:19:39 [notice] 1#1: signal 17 (SIGCHLD) received from 22
2025/11/06 04:19:39 [notice] 1#1: worker process 21 exited with code 0
2025/11/06 04:19:39 [notice] 1#1: worker process 22 exited with code 0
2025/11/06 04:19:39 [notice] 1#1: worker process 25 exited with code 0
2025/11/06 04:19:39 [notice] 1#1: worker process 27 exited with code 0
2025/11/06 04:19:39 [notice] 1#1: worker process 28 exited with code 0
2025/11/06 04:19:39 [notice] 1#1: worker process 31 exited with code 0
2025/11/06 04:19:39 [notice] 1#1: worker process 36 exited with code 0
2025/11/06 04:19:39 [notice] 1#1: signal 29 (SIGIO) received
2025/11/06 04:19:39 [notice] 1#1: signal 17 (SIGCHLD) received from 25
2025/11/06 04:19:39 [notice] 1#1: signal 17 (SIGCHLD) received from 23
2025/11/06 04:19:39 [notice] 1#1: worker process 23 exited with code 0
2025/11/06 04:19:39 [notice] 1#1: worker process 26 exited with code 0
2025/11/06 04:19:39 [notice] 1#1: worker process 29 exited with code 0
2025/11/06 04:19:39 [notice] 1#1: worker process 32 exited with code 0
2025/11/06 04:19:39 [notice] 1#1: worker process 33 exited with code 0
2025/11/06 04:19:39 [notice] 1#1: worker process 34 exited with code 0
2025/11/06 04:19:39 [notice] 1#1: signal 29 (SIGIO) received
2025/11/06 04:19:39 [notice] 1#1: signal 17 (SIGCHLD) received from 29
2025/11/06 04:19:39 [notice] 1#1: signal 17 (SIGCHLD) received from 24
2025/11/06 04:19:39 [notice] 1#1: worker process 24 exited with code 0
2025/11/06 04:19:39 [notice] 1#1: worker process 30 exited with code 0
2025/11/06 04:19:39 [notice] 1#1: exit
2025/11/06 04:21:30 [notice] 1#1: using the "epoll" event method
2025/11/06 04:21:30 [notice] 1#1: nginx/1.28.0
2025/11/06 04:21:30 [notice] 1#1: built by gcc 12.2.0 (Debian 12.2.0-14) 
2025/11/06 04:21:30 [notice] 1#1: OS: Linux 6.6.87.2-microsoft-standard-WSL2
2025/11/06 04:21:30 [notice] 1#1: getrlimit(RLIMIT_NOFILE): 1048576:1048576
2025/11/06 04:21:30 [notice] 1#1: start worker processes
2025/11/06 04:21:30 [notice] 1#1: start worker process 21
2025/11/06 04:21:30 [notice] 1#1: start worker process 22
2025/11/06 04:21:30 [notice] 1#1: start worker process 23
2025/11/06 04:21:30 [notice] 1#1: start worker process 24
2025/11/06 04:21:30 [notice] 1#1: start worker process 25
2025/11/06 04:21:30 [notice] 1#1: start worker process 26
2025/11/06 04:21:30 [notice] 1#1: start worker process 27
2025/11/06 04:21:30 [notice] 1#1: start worker process 28
2025/11/06 04:21:30 [notice] 1#1: start worker process 29
2025/11/06 04:21:30 [notice] 1#1: start worker process 30
2025/11/06 04:21:30 [notice] 1#1: start worker process 31
2025/11/06 04:21:30 [notice] 1#1: start worker process 32
2025/11/06 04:21:30 [notice] 1#1: start worker process 33
2025/11/06 04:21:30 [notice] 1#1: start worker process 34
2025/11/06 04:21:30 [notice] 1#1: start worker process 35
2025/11/06 04:21:30 [notice] 1#1: start worker process 36
2025/11/06 04:30:47 [notice] 1#1: signal 3 (SIGQUIT) received, shutting down
2025/11/06 04:30:47 [notice] 21#21: gracefully shutting down
2025/11/06 04:30:47 [notice] 26#26: gracefully shutting down
2025/11/06 04:30:47 [notice] 22#22: gracefully shutting down
2025/11/06 04:30:47 [notice] 24#24: gracefully shutting down
2025/11/06 04:30:47 [notice] 23#23: gracefully shutting down
2025/11/06 04:30:47 [notice] 25#25: gracefully shutting down
2025/11/06 04:30:47 [notice] 27#27: gracefully shutting down
2025/11/06 04:30:47 [notice] 29#29: gracefully shutting down
2025/11/06 04:30:47 [notice] 36#36: gracefully shutting down
2025/11/06 04:30:47 [notice] 30#30: gracefully shutting down
2025/11/06 04:30:47 [notice] 35#35: gracefully shutting down
2025/11/06 04:30:47 [notice] 28#28: gracefully shutting down
2025/11/06 04:30:47 [notice] 31#31: gracefully shutting down
2025/11/06 04:30:47 [notice] 32#32: gracefully shutting down
2025/11/06 04:30:47 [notice] 31#31: exiting
2025/11/06 04:30:47 [notice] 34#34: gracefully shutting down
2025/11/06 04:30:47 [notice] 33#33: gracefully shutting down
2025/11/06 04:30:47 [notice] 21#21: exiting
2025/11/06 04:30:47 [notice] 26#26: exiting
2025/11/06 04:30:47 [notice] 22#22: exiting
2025/11/06 04:30:47 [notice] 24#24: exiting
2025/11/06 04:30:47 [notice] 23#23: exiting
2025/11/06 04:30:47 [notice] 25#25: exiting
2025/11/06 04:30:47 [notice] 27#27: exiting
2025/11/06 04:30:47 [notice] 29#29: exiting
2025/11/06 04:30:47 [notice] 36#36: exiting
2025/11/06 04:30:47 [notice] 30#30: exiting
2025/11/06 04:30:47 [notice] 35#35: exiting
2025/11/06 04:30:47 [notice] 28#28: exiting
2025/11/06 04:30:47 [notice] 32#32: exiting
2025/11/06 04:30:47 [notice] 31#31: exit
2025/11/06 04:30:47 [notice] 34#34: exiting
2025/11/06 04:30:47 [notice] 21#21: exit
2025/11/06 04:30:47 [notice] 33#33: exiting
2025/11/06 04:30:47 [notice] 26#26: exit
2025/11/06 04:30:47 [notice] 22#22: exit
2025/11/06 04:30:47 [notice] 24#24: exit
2025/11/06 04:30:47 [notice] 23#23: exit
2025/11/06 04:30:47 [notice] 25#25: exit
2025/11/06 04:30:47 [notice] 27#27: exit
2025/11/06 04:30:47 [notice] 29#29: exit
2025/11/06 04:30:47 [notice] 36#36: exit
2025/11/06 04:30:47 [notice] 30#30: exit
2025/11/06 04:30:47 [notice] 35#35: exit
2025/11/06 04:30:47 [notice] 28#28: exit
2025/11/06 04:30:47 [notice] 32#32: exit
2025/11/06 04:30:47 [notice] 34#34: exit
2025/11/06 04:30:47 [notice] 33#33: exit
2025/11/06 04:30:47 [notice] 1#1: signal 17 (SIGCHLD) received from 21
2025/11/06 04:30:47 [notice] 1#1: worker process 21 exited with code 0
2025/11/06 04:30:47 [notice] 1#1: signal 29 (SIGIO) received
2025/11/06 04:30:47 [notice] 1#1: signal 17 (SIGCHLD) received from 22
2025/11/06 04:30:47 [notice] 1#1: worker process 22 exited with code 0
2025/11/06 04:30:47 [notice] 1#1: worker process 23 exited with code 0
2025/11/06 04:30:47 [notice] 1#1: worker process 25 exited with code 0
2025/11/06 04:30:47 [notice] 1#1: worker process 26 exited with code 0
2025/11/06 04:30:47 [notice] 1#1: worker process 29 exited with code 0
2025/11/06 04:30:47 [notice] 1#1: worker process 30 exited with code 0
2025/11/06 04:30:47 [notice] 1#1: worker process 31 exited with code 0
2025/11/06 04:30:47 [notice] 1#1: worker process 36 exited with code 0
2025/11/06 04:30:47 [notice] 1#1: signal 29 (SIGIO) received
2025/11/06 04:30:47 [notice] 1#1: signal 17 (SIGCHLD) received from 36
2025/11/06 04:30:47 [notice] 1#1: signal 17 (SIGCHLD) received from 28
2025/11/06 04:30:47 [notice] 1#1: worker process 24 exited with code 0
2025/11/06 04:30:47 [notice] 1#1: worker process 27 exited with code 0
2025/11/06 04:30:47 [notice] 1#1: worker process 28 exited with code 0
2025/11/06 04:30:47 [notice] 1#1: worker process 32 exited with code 0
2025/11/06 04:30:47 [notice] 1#1: worker process 33 exited with code 0
2025/11/06 04:30:47 [notice] 1#1: worker process 34 exited with code 0
2025/11/06 04:30:47 [notice] 1#1: worker process 35 exited with code 0
2025/11/06 04:30:47 [notice] 1#1: exit
2025/11/06 04:33:05 [notice] 1#1: using the "epoll" event method
2025/11/06 04:33:05 [notice] 1#1: nginx/1.28.0
2025/11/06 04:33:05 [notice] 1#1: built by gcc 12.2.0 (Debian 12.2.0-14) 
2025/11/06 04:33:05 [notice] 1#1: OS: Linux 6.6.87.2-microsoft-standard-WSL2
2025/11/06 04:33:05 [notice] 1#1: getrlimit(RLIMIT_NOFILE): 1048576:1048576
2025/11/06 04:33:05 [notice] 1#1: start worker processes
2025/11/06 04:33:05 [notice] 1#1: start worker process 21
2025/11/06 04:33:05 [notice] 1#1: start worker process 22
2025/11/06 04:33:05 [notice] 1#1: start worker process 23
2025/11/06 04:33:05 [notice] 1#1: start worker process 24
2025/11/06 04:33:05 [notice] 1#1: start worker process 25
2025/11/06 04:33:05 [notice] 1#1: start worker process 26
2025/11/06 04:33:05 [notice] 1#1: start worker process 27
2025/11/06 04:33:05 [notice] 1#1: start worker process 28
2025/11/06 04:33:05 [notice] 1#1: start worker process 29
2025/11/06 04:33:05 [notice] 1#1: start worker process 30
2025/11/06 04:33:05 [notice] 1#1: start worker process 31
2025/11/06 04:33:05 [notice] 1#1: start worker process 32
2025/11/06 04:33:05 [notice] 1#1: start worker process 33
2025/11/06 04:33:05 [notice] 1#1: start worker process 34
2025/11/06 04:33:05 [notice] 1#1: start worker process 35
2025/11/06 04:33:05 [notice] 1#1: start worker process 36
2025/11/06 04:58:33 [notice] 1#1: signal 3 (SIGQUIT) received, shutting down
2025/11/06 04:58:33 [notice] 22#22: gracefully shutting down
2025/11/06 04:58:33 [notice] 21#21: gracefully shutting down
2025/11/06 04:58:33 [notice] 25#25: gracefully shutting down
2025/11/06 04:58:33 [notice] 23#23: gracefully shutting down
2025/11/06 04:58:33 [notice] 24#24: gracefully shutting down
2025/11/06 04:58:33 [notice] 26#26: gracefully shutting down
2025/11/06 04:58:33 [notice] 29#29: gracefully shutting down
2025/11/06 04:58:33 [notice] 27#27: gracefully shutting down
2025/11/06 04:58:33 [notice] 29#29: exiting
2025/11/06 04:58:33 [notice] 28#28: gracefully shutting down
2025/11/06 04:58:33 [notice] 29#29: exit
2025/11/06 04:58:33 [notice] 30#30: gracefully shutting down
2025/11/06 04:58:33 [notice] 31#31: gracefully shutting down
2025/11/06 04:58:33 [notice] 32#32: gracefully shutting down
2025/11/06 04:58:33 [notice] 33#33: gracefully shutting down
2025/11/06 04:58:33 [notice] 32#32: exiting
2025/11/06 04:58:33 [notice] 34#34: gracefully shutting down
2025/11/06 04:58:33 [notice] 35#35: gracefully shutting down
2025/11/06 04:58:33 [notice] 34#34: exiting
2025/11/06 04:58:33 [notice] 36#36: gracefully shutting down
2025/11/06 04:58:33 [notice] 22#22: exiting
2025/11/06 04:58:33 [notice] 21#21: exiting
2025/11/06 04:58:33 [notice] 25#25: exiting
2025/11/06 04:58:33 [notice] 23#23: exiting
2025/11/06 04:58:33 [notice] 24#24: exiting
2025/11/06 04:58:33 [notice] 26#26: exiting
2025/11/06 04:58:33 [notice] 27#27: exiting
2025/11/06 04:58:33 [notice] 28#28: exiting
2025/11/06 04:58:33 [notice] 30#30: exiting
2025/11/06 04:58:33 [notice] 31#31: exiting
2025/11/06 04:58:33 [notice] 33#33: exiting
2025/11/06 04:58:33 [notice] 32#32: exit
2025/11/06 04:58:33 [notice] 35#35: exiting
2025/11/06 04:58:33 [notice] 34#34: exit
2025/11/06 04:58:33 [notice] 36#36: exiting
2025/11/06 04:58:33 [notice] 22#22: exit
2025/11/06 04:58:33 [notice] 21#21: exit
2025/11/06 04:58:33 [notice] 25#25: exit
2025/11/06 04:58:33 [notice] 23#23: exit
2025/11/06 04:58:33 [notice] 24#24: exit
2025/11/06 04:58:33 [notice] 26#26: exit
2025/11/06 04:58:33 [notice] 27#27: exit
2025/11/06 04:58:33 [notice] 28#28: exit
2025/11/06 04:58:33 [notice] 30#30: exit
2025/11/06 04:58:33 [notice] 31#31: exit
2025/11/06 04:58:33 [notice] 33#33: exit
2025/11/06 04:58:33 [notice] 35#35: exit
2025/11/06 04:58:33 [notice] 36#36: exit
2025/11/06 04:58:33 [notice] 1#1: signal 17 (SIGCHLD) received from 32
2025/11/06 04:58:33 [notice] 1#1: worker process 28 exited with code 0
2025/11/06 04:58:33 [notice] 1#1: worker process 32 exited with code 0
2025/11/06 04:58:33 [notice] 1#1: signal 29 (SIGIO) received
2025/11/06 04:58:33 [notice] 1#1: signal 17 (SIGCHLD) received from 31
2025/11/06 04:58:33 [notice] 1#1: worker process 29 exited with code 0
2025/11/06 04:58:33 [notice] 1#1: worker process 31 exited with code 0
2025/11/06 04:58:33 [notice] 1#1: signal 29 (SIGIO) received
2025/11/06 04:58:33 [notice] 1#1: signal 17 (SIGCHLD) received from 36
2025/11/06 04:58:33 [notice] 1#1: worker process 36 exited with code 0
2025/11/06 04:58:33 [notice] 1#1: signal 29 (SIGIO) received
2025/11/06 04:58:33 [notice] 1#1: signal 17 (SIGCHLD) received from 22
2025/11/06 04:58:33 [notice] 1#1: worker process 22 exited with code 0
2025/11/06 04:58:33 [notice] 1#1: worker process 23 exited with code 0
2025/11/06 04:58:33 [notice] 1#1: worker process 24 exited with code 0
2025/11/06 04:58:33 [notice] 1#1: worker process 25 exited with code 0
2025/11/06 04:58:33 [notice] 1#1: worker process 26 exited with code 0
2025/11/06 04:58:33 [notice] 1#1: worker process 30 exited with code 0
2025/11/06 04:58:33 [notice] 1#1: worker process 33 exited with code 0
2025/11/06 04:58:33 [notice] 1#1: worker process 34 exited with code 0
2025/11/06 04:58:33 [notice] 1#1: worker process 35 exited with code 0
2025/11/06 04:58:33 [notice] 1#1: signal 29 (SIGIO) received
2025/11/06 04:58:33 [notice] 1#1: signal 17 (SIGCHLD) received from 34
2025/11/06 04:58:33 [notice] 1#1: signal 17 (SIGCHLD) received from 27
2025/11/06 04:58:33 [notice] 1#1: worker process 21 exited with code 0
2025/11/06 04:58:33 [notice] 1#1: worker process 27 exited with code 0
2025/11/06 04:58:33 [notice] 1#1: exit
2025/11/06 05:00:38 [notice] 1#1: using the "epoll" event method
2025/11/06 05:00:38 [notice] 1#1: nginx/1.28.0
2025/11/06 05:00:38 [notice] 1#1: built by gcc 12.2.0 (Debian 12.2.0-14) 
2025/11/06 05:00:38 [notice] 1#1: OS: Linux 6.6.87.2-microsoft-standard-WSL2
2025/11/06 05:00:38 [notice] 1#1: getrlimit(RLIMIT_NOFILE): 1048576:1048576
2025/11/06 05:00:38 [notice] 1#1: start worker processes
2025/11/06 05:00:38 [notice] 1#1: start worker process 21
2025/11/06 05:00:38 [notice] 1#1: start worker process 22
2025/11/06 05:00:38 [notice] 1#1: start worker process 23
2025/11/06 05:00:38 [notice] 1#1: start worker process 24
2025/11/06 05:00:38 [notice] 1#1: start worker process 25
2025/11/06 05:00:38 [notice] 1#1: start worker process 26
2025/11/06 05:00:38 [notice] 1#1: start worker process 27
2025/11/06 05:00:38 [notice] 1#1: start worker process 28
2025/11/06 05:00:38 [notice] 1#1: start worker process 29
2025/11/06 05:00:38 [notice] 1#1: start worker process 30
2025/11/06 05:00:38 [notice] 1#1: start worker process 31
2025/11/06 05:00:38 [notice] 1#1: start worker process 32
2025/11/06 05:00:38 [notice] 1#1: start worker process 33
2025/11/06 05:00:38 [notice] 1#1: start worker process 34
2025/11/06 05:00:38 [notice] 1#1: start worker process 35
2025/11/06 05:00:38 [notice] 1#1: start worker process 36
2025/11/06 05:35:10 [notice] 1#1: signal 3 (SIGQUIT) received, shutting down
2025/11/06 05:35:10 [notice] 21#21: gracefully shutting down
2025/11/06 05:35:10 [notice] 31#31: gracefully shutting down
2025/11/06 05:35:10 [notice] 23#23: gracefully shutting down
2025/11/06 05:35:10 [notice] 22#22: gracefully shutting down
2025/11/06 05:35:10 [notice] 24#24: gracefully shutting down
2025/11/06 05:35:10 [notice] 26#26: gracefully shutting down
2025/11/06 05:35:10 [notice] 27#27: gracefully shutting down
2025/11/06 05:35:10 [notice] 25#25: gracefully shutting down
2025/11/06 05:35:10 [notice] 28#28: gracefully shutting down
2025/11/06 05:35:10 [notice] 29#29: gracefully shutting down
2025/11/06 05:35:10 [notice] 30#30: gracefully shutting down
2025/11/06 05:35:10 [notice] 33#33: gracefully shutting down
2025/11/06 05:35:10 [notice] 21#21: exiting
2025/11/06 05:35:10 [notice] 32#32: gracefully shutting down
2025/11/06 05:35:10 [notice] 32#32: exiting
2025/11/06 05:35:10 [notice] 34#34: gracefully shutting down
2025/11/06 05:35:10 [notice] 35#35: gracefully shutting down
2025/11/06 05:35:10 [notice] 36#36: gracefully shutting down
2025/11/06 05:35:10 [notice] 31#31: exiting
2025/11/06 05:35:10 [notice] 23#23: exiting
2025/11/06 05:35:10 [notice] 22#22: exiting
2025/11/06 05:35:10 [notice] 24#24: exiting
2025/11/06 05:35:10 [notice] 26#26: exiting
2025/11/06 05:35:10 [notice] 27#27: exiting
2025/11/06 05:35:10 [notice] 25#25: exiting
2025/11/06 05:35:10 [notice] 28#28: exiting
2025/11/06 05:35:10 [notice] 29#29: exiting
2025/11/06 05:35:10 [notice] 30#30: exiting
2025/11/06 05:35:10 [notice] 33#33: exiting
2025/11/06 05:35:10 [notice] 21#21: exit
2025/11/06 05:35:10 [notice] 32#32: exit
2025/11/06 05:35:10 [notice] 34#34: exiting
2025/11/06 05:35:10 [notice] 35#35: exiting
2025/11/06 05:35:10 [notice] 36#36: exiting
2025/11/06 05:35:10 [notice] 31#31: exit
2025/11/06 05:35:10 [notice] 23#23: exit
2025/11/06 05:35:10 [notice] 22#22: exit
2025/11/06 05:35:10 [notice] 24#24: exit
2025/11/06 05:35:10 [notice] 26#26: exit
2025/11/06 05:35:10 [notice] 27#27: exit
2025/11/06 05:35:10 [notice] 25#25: exit
2025/11/06 05:35:10 [notice] 28#28: exit
2025/11/06 05:35:10 [notice] 29#29: exit
2025/11/06 05:35:10 [notice] 30#30: exit
2025/11/06 05:35:10 [notice] 33#33: exit
2025/11/06 05:35:10 [notice] 34#34: exit
2025/11/06 05:35:10 [notice] 35#35: exit
2025/11/06 05:35:10 [notice] 36#36: exit
2025/11/06 05:35:10 [notice] 1#1: signal 17 (SIGCHLD) received from 35
2025/11/06 05:35:10 [notice] 1#1: worker process 35 exited with code 0
2025/11/06 05:35:10 [notice] 1#1: signal 29 (SIGIO) received
2025/11/06 05:35:10 [notice] 1#1: signal 17 (SIGCHLD) received from 32
2025/11/06 05:35:10 [notice] 1#1: worker process 24 exited with code 0
2025/11/06 05:35:10 [notice] 1#1: worker process 32 exited with code 0
2025/11/06 05:35:10 [notice] 1#1: signal 29 (SIGIO) received
2025/11/06 05:35:10 [notice] 1#1: signal 17 (SIGCHLD) received from 24
2025/11/06 05:35:10 [notice] 1#1: signal 17 (SIGCHLD) received from 23
2025/11/06 05:35:10 [notice] 1#1: worker process 21 exited with code 0
2025/11/06 05:35:10 [notice] 1#1: worker process 22 exited with code 0
2025/11/06 05:35:10 [notice] 1#1: worker process 23 exited with code 0
2025/11/06 05:35:10 [notice] 1#1: worker process 25 exited with code 0
2025/11/06 05:35:10 [notice] 1#1: worker process 27 exited with code 0
2025/11/06 05:35:10 [notice] 1#1: worker process 28 exited with code 0
2025/11/06 05:35:10 [notice] 1#1: worker process 29 exited with code 0
2025/11/06 05:35:10 [notice] 1#1: worker process 31 exited with code 0
2025/11/06 05:35:10 [notice] 1#1: worker process 34 exited with code 0
2025/11/06 05:35:10 [notice] 1#1: worker process 36 exited with code 0
2025/11/06 05:35:10 [notice] 1#1: signal 29 (SIGIO) received
2025/11/06 05:35:10 [notice] 1#1: signal 17 (SIGCHLD) received from 22
2025/11/06 05:35:10 [notice] 1#1: signal 17 (SIGCHLD) received from 30
2025/11/06 05:35:10 [notice] 1#1: worker process 30 exited with code 0
2025/11/06 05:35:10 [notice] 1#1: signal 29 (SIGIO) received
2025/11/06 05:35:10 [notice] 1#1: signal 17 (SIGCHLD) received from 26
2025/11/06 05:35:10 [notice] 1#1: worker process 26 exited with code 0
2025/11/06 05:35:10 [notice] 1#1: worker process 33 exited with code 0
2025/11/06 05:35:10 [notice] 1#1: exit
2025/11/06 05:37:11 [notice] 1#1: using the "epoll" event method
2025/11/06 05:37:11 [notice] 1#1: nginx/1.28.0
2025/11/06 05:37:11 [notice] 1#1: built by gcc 12.2.0 (Debian 12.2.0-14) 
2025/11/06 05:37:11 [notice] 1#1: OS: Linux 6.6.87.2-microsoft-standard-WSL2
2025/11/06 05:37:11 [notice] 1#1: getrlimit(RLIMIT_NOFILE): 1048576:1048576
2025/11/06 05:37:11 [notice] 1#1: start worker processes
2025/11/06 05:37:11 [notice] 1#1: start worker process 21
2025/11/06 05:37:11 [notice] 1#1: start worker process 22
2025/11/06 05:37:11 [notice] 1#1: start worker process 23
2025/11/06 05:37:11 [notice] 1#1: start worker process 24
2025/11/06 05:37:11 [notice] 1#1: start worker process 25
2025/11/06 05:37:11 [notice] 1#1: start worker process 26
2025/11/06 05:37:11 [notice] 1#1: start worker process 27
2025/11/06 05:37:11 [notice] 1#1: start worker process 28
2025/11/06 05:37:11 [notice] 1#1: start worker process 29
2025/11/06 05:37:11 [notice] 1#1: start worker process 30
2025/11/06 05:37:11 [notice] 1#1: start worker process 31
2025/11/06 05:37:11 [notice] 1#1: start worker process 32
2025/11/06 05:37:11 [notice] 1#1: start worker process 33
2025/11/06 05:37:11 [notice] 1#1: start worker process 34
2025/11/06 05:37:11 [notice] 1#1: start worker process 35
2025/11/06 05:37:11 [notice] 1#1: start worker process 36
2025/11/06 15:00:29 [notice] 1#1: signal 3 (SIGQUIT) received, shutting down
2025/11/06 15:00:29 [notice] 24#24: gracefully shutting down
2025/11/06 15:00:29 [notice] 23#23: gracefully shutting down
2025/11/06 15:00:29 [notice] 22#22: gracefully shutting down
2025/11/06 15:00:29 [notice] 21#21: gracefully shutting down
2025/11/06 15:00:29 [notice] 24#24: exiting
2025/11/06 15:00:29 [notice] 28#28: gracefully shutting down
2025/11/06 15:00:29 [notice] 32#32: gracefully shutting down
2025/11/06 15:00:29 [notice] 33#33: gracefully shutting down
2025/11/06 15:00:29 [notice] 27#27: gracefully shutting down
2025/11/06 15:00:29 [notice] 25#25: gracefully shutting down
2025/11/06 15:00:29 [notice] 31#31: gracefully shutting down
2025/11/06 15:00:29 [notice] 30#30: gracefully shutting down
2025/11/06 15:00:29 [notice] 35#35: gracefully shutting down
2025/11/06 15:00:29 [notice] 34#34: gracefully shutting down
2025/11/06 15:00:29 [notice] 29#29: gracefully shutting down
2025/11/06 15:00:29 [notice] 36#36: gracefully shutting down
2025/11/06 15:00:29 [notice] 26#26: gracefully shutting down
2025/11/06 15:00:29 [notice] 23#23: exiting
2025/11/06 15:00:29 [notice] 22#22: exiting
2025/11/06 15:00:29 [notice] 21#21: exiting
2025/11/06 15:00:29 [notice] 24#24: exit
2025/11/06 15:00:29 [notice] 28#28: exiting
2025/11/06 15:00:29 [notice] 26#26: exiting
2025/11/06 15:00:29 [notice] 32#32: exiting
2025/11/06 15:00:29 [notice] 33#33: exiting
2025/11/06 15:00:29 [notice] 32#32: exit
2025/11/06 15:00:29 [notice] 27#27: exiting
2025/11/06 15:00:29 [notice] 25#25: exiting
2025/11/06 15:00:29 [notice] 31#31: exiting
2025/11/06 15:00:29 [notice] 23#23: exit
2025/11/06 15:00:29 [notice] 30#30: exiting
2025/11/06 15:00:29 [notice] 35#35: exiting
2025/11/06 15:00:29 [notice] 22#22: exit
2025/11/06 15:00:29 [notice] 34#34: exiting
2025/11/06 15:00:29 [notice] 29#29: exiting
2025/11/06 15:00:29 [notice] 21#21: exit
2025/11/06 15:00:29 [notice] 36#36: exiting
2025/11/06 15:00:29 [notice] 28#28: exit
2025/11/06 15:00:29 [notice] 26#26: exit
2025/11/06 15:00:29 [notice] 33#33: exit
2025/11/06 15:00:29 [notice] 27#27: exit
2025/11/06 15:00:29 [notice] 25#25: exit
2025/11/06 15:00:29 [notice] 31#31: exit
2025/11/06 15:00:29 [notice] 30#30: exit
2025/11/06 15:00:29 [notice] 35#35: exit
2025/11/06 15:00:29 [notice] 34#34: exit
2025/11/06 15:00:29 [notice] 29#29: exit
2025/11/06 15:00:29 [notice] 36#36: exit
2025/11/06 15:00:29 [notice] 1#1: signal 17 (SIGCHLD) received from 26
2025/11/06 15:00:29 [notice] 1#1: worker process 26 exited with code 0
2025/11/06 15:00:29 [notice] 1#1: worker process 32 exited with code 0
2025/11/06 15:00:29 [notice] 1#1: worker process 33 exited with code 0
2025/11/06 15:00:29 [notice] 1#1: signal 29 (SIGIO) received
2025/11/06 15:00:29 [notice] 1#1: signal 17 (SIGCHLD) received from 33
2025/11/06 15:00:29 [notice] 1#1: signal 17 (SIGCHLD) received from 29
2025/11/06 15:00:29 [notice] 1#1: worker process 21 exited with code 0
2025/11/06 15:00:29 [notice] 1#1: worker process 22 exited with code 0
2025/11/06 15:00:29 [notice] 1#1: worker process 23 exited with code 0
2025/11/06 15:00:29 [notice] 1#1: worker process 24 exited with code 0
2025/11/06 15:00:29 [notice] 1#1: worker process 27 exited with code 0
2025/11/06 15:00:29 [notice] 1#1: worker process 28 exited with code 0
2025/11/06 15:00:29 [notice] 1#1: worker process 29 exited with code 0
2025/11/06 15:00:29 [notice] 1#1: worker process 34 exited with code 0
2025/11/06 15:00:29 [notice] 1#1: worker process 36 exited with code 0
2025/11/06 15:00:29 [notice] 1#1: signal 29 (SIGIO) received
2025/11/06 15:00:29 [notice] 1#1: signal 17 (SIGCHLD) received from 28
2025/11/06 15:00:29 [notice] 1#1: signal 17 (SIGCHLD) received from 35
2025/11/06 15:00:29 [notice] 1#1: worker process 30 exited with code 0
2025/11/06 15:00:29 [notice] 1#1: worker process 35 exited with code 0
2025/11/06 15:00:29 [notice] 1#1: signal 29 (SIGIO) received
2025/11/06 15:00:29 [notice] 1#1: signal 17 (SIGCHLD) received from 25
2025/11/06 15:00:29 [notice] 1#1: worker process 25 exited with code 0
2025/11/06 15:00:29 [notice] 1#1: signal 29 (SIGIO) received
2025/11/06 15:00:29 [notice] 1#1: signal 17 (SIGCHLD) received from 31
2025/11/06 15:00:29 [notice] 1#1: worker process 31 exited with code 0
2025/11/06 15:00:29 [notice] 1#1: exit
2025/11/06 15:02:41 [notice] 1#1: using the "epoll" event method
2025/11/06 15:02:41 [notice] 1#1: nginx/1.28.0
2025/11/06 15:02:41 [notice] 1#1: built by gcc 12.2.0 (Debian 12.2.0-14) 
2025/11/06 15:02:41 [notice] 1#1: OS: Linux 6.6.87.2-microsoft-standard-WSL2
2025/11/06 15:02:41 [notice] 1#1: getrlimit(RLIMIT_NOFILE): 1048576:1048576
2025/11/06 15:02:41 [notice] 1#1: start worker processes
2025/11/06 15:02:41 [notice] 1#1: start worker process 21
2025/11/06 15:02:41 [notice] 1#1: start worker process 22
2025/11/06 15:02:41 [notice] 1#1: start worker process 23
2025/11/06 15:02:41 [notice] 1#1: start worker process 24
2025/11/06 15:02:41 [notice] 1#1: start worker process 25
2025/11/06 15:02:41 [notice] 1#1: start worker process 26
2025/11/06 15:02:41 [notice] 1#1: start worker process 27
2025/11/06 15:02:41 [notice] 1#1: start worker process 28
2025/11/06 15:02:41 [notice] 1#1: start worker process 29
2025/11/06 15:02:41 [notice] 1#1: start worker process 30
2025/11/06 15:02:41 [notice] 1#1: start worker process 31
2025/11/06 15:02:41 [notice] 1#1: start worker process 32
2025/11/06 15:02:41 [notice] 1#1: start worker process 33
2025/11/06 15:02:41 [notice] 1#1: start worker process 34
2025/11/06 15:02:41 [notice] 1#1: start worker process 35
2025/11/06 15:02:41 [notice] 1#1: start worker process 36
2025/11/06 15:12:22 [notice] 1#1: signal 3 (SIGQUIT) received, shutting down
2025/11/06 15:12:22 [notice] 22#22: gracefully shutting down
2025/11/06 15:12:22 [notice] 23#23: gracefully shutting down
2025/11/06 15:12:22 [notice] 21#21: gracefully shutting down
2025/11/06 15:12:22 [notice] 24#24: gracefully shutting down
2025/11/06 15:12:22 [notice] 21#21: exiting
2025/11/06 15:12:22 [notice] 26#26: gracefully shutting down
2025/11/06 15:12:22 [notice] 25#25: gracefully shutting down
2025/11/06 15:12:22 [notice] 27#27: gracefully shutting down
2025/11/06 15:12:22 [notice] 29#29: gracefully shutting down
2025/11/06 15:12:22 [notice] 27#27: exiting
2025/11/06 15:12:22 [notice] 34#34: gracefully shutting down
2025/11/06 15:12:22 [notice] 31#31: gracefully shutting down
2025/11/06 15:12:22 [notice] 34#34: exiting
2025/11/06 15:12:22 [notice] 35#35: gracefully shutting down
2025/11/06 15:12:22 [notice] 36#36: gracefully shutting down
2025/11/06 15:12:22 [notice] 32#32: gracefully shutting down
2025/11/06 15:12:22 [notice] 33#33: gracefully shutting down
2025/11/06 15:12:22 [notice] 30#30: gracefully shutting down
2025/11/06 15:12:22 [notice] 33#33: exiting
2025/11/06 15:12:22 [notice] 28#28: gracefully shutting down
2025/11/06 15:12:22 [notice] 22#22: exiting
2025/11/06 15:12:22 [notice] 28#28: exiting
2025/11/06 15:12:22 [notice] 23#23: exiting
2025/11/06 15:12:22 [notice] 24#24: exiting
2025/11/06 15:12:22 [notice] 21#21: exit
2025/11/06 15:12:22 [notice] 26#26: exiting
2025/11/06 15:12:22 [notice] 25#25: exiting
2025/11/06 15:12:22 [notice] 29#29: exiting
2025/11/06 15:12:22 [notice] 27#27: exit
2025/11/06 15:12:22 [notice] 31#31: exiting
2025/11/06 15:12:22 [notice] 34#34: exit
2025/11/06 15:12:22 [notice] 35#35: exiting
2025/11/06 15:12:22 [notice] 36#36: exiting
2025/11/06 15:12:22 [notice] 32#32: exiting
2025/11/06 15:12:22 [notice] 30#30: exiting
2025/11/06 15:12:22 [notice] 33#33: exit
2025/11/06 15:12:22 [notice] 22#22: exit
2025/11/06 15:12:22 [notice] 28#28: exit
2025/11/06 15:12:22 [notice] 23#23: exit
2025/11/06 15:12:22 [notice] 24#24: exit
2025/11/06 15:12:22 [notice] 26#26: exit
2025/11/06 15:12:22 [notice] 25#25: exit
2025/11/06 15:12:22 [notice] 29#29: exit
2025/11/06 15:12:22 [notice] 31#31: exit
2025/11/06 15:12:22 [notice] 35#35: exit
2025/11/06 15:12:22 [notice] 36#36: exit
2025/11/06 15:12:22 [notice] 32#32: exit
2025/11/06 15:12:22 [notice] 30#30: exit
2025/11/06 15:12:22 [notice] 1#1: signal 17 (SIGCHLD) received from 26
2025/11/06 15:12:22 [notice] 1#1: worker process 26 exited with code 0
2025/11/06 15:12:22 [notice] 1#1: signal 29 (SIGIO) received
2025/11/06 15:12:22 [notice] 1#1: signal 17 (SIGCHLD) received from 29
2025/11/06 15:12:22 [notice] 1#1: worker process 22 exited with code 0
2025/11/06 15:12:22 [notice] 1#1: worker process 23 exited with code 0
2025/11/06 15:12:22 [notice] 1#1: worker process 21 exited with code 0
2025/11/06 15:12:22 [notice] 1#1: worker process 24 exited with code 0
2025/11/06 15:12:22 [notice] 1#1: worker process 25 exited with code 0
2025/11/06 15:12:22 [notice] 1#1: worker process 28 exited with code 0
2025/11/06 15:12:22 [notice] 1#1: worker process 29 exited with code 0
2025/11/06 15:12:22 [notice] 1#1: worker process 31 exited with code 0
2025/11/06 15:12:22 [notice] 1#1: worker process 33 exited with code 0
2025/11/06 15:12:22 [notice] 1#1: worker process 34 exited with code 0
2025/11/06 15:12:22 [notice] 1#1: worker process 36 exited with code 0
2025/11/06 15:12:22 [notice] 1#1: signal 29 (SIGIO) received
2025/11/06 15:12:22 [notice] 1#1: signal 17 (SIGCHLD) received from 22
2025/11/06 15:12:22 [notice] 1#1: signal 17 (SIGCHLD) received from 32
2025/11/06 15:12:22 [notice] 1#1: worker process 30 exited with code 0
2025/11/06 15:12:22 [notice] 1#1: worker process 27 exited with code 0
2025/11/06 15:12:22 [notice] 1#1: worker process 32 exited with code 0
2025/11/06 15:12:22 [notice] 1#1: signal 29 (SIGIO) received
2025/11/06 15:12:22 [notice] 1#1: signal 17 (SIGCHLD) received from 27
2025/11/06 15:12:22 [notice] 1#1: signal 17 (SIGCHLD) received from 35
2025/11/06 15:12:22 [notice] 1#1: worker process 35 exited with code 0
2025/11/06 15:12:22 [notice] 1#1: exit
2025/11/06 15:13:52 [notice] 1#1: using the "epoll" event method
2025/11/06 15:13:52 [notice] 1#1: nginx/1.28.0
2025/11/06 15:13:52 [notice] 1#1: built by gcc 12.2.0 (Debian 12.2.0-14) 
2025/11/06 15:13:52 [notice] 1#1: OS: Linux 6.6.87.2-microsoft-standard-WSL2
2025/11/06 15:13:52 [notice] 1#1: getrlimit(RLIMIT_NOFILE): 1048576:1048576
2025/11/06 15:13:52 [notice] 1#1: start worker processes
2025/11/06 15:13:52 [notice] 1#1: start worker process 21
2025/11/06 15:13:52 [notice] 1#1: start worker process 22
2025/11/06 15:13:52 [notice] 1#1: start worker process 23
2025/11/06 15:13:52 [notice] 1#1: start worker process 24
2025/11/06 15:13:52 [notice] 1#1: start worker process 25
2025/11/06 15:13:52 [notice] 1#1: start worker process 26
2025/11/06 15:13:52 [notice] 1#1: start worker process 27
2025/11/06 15:13:52 [notice] 1#1: start worker process 28
2025/11/06 15:13:52 [notice] 1#1: start worker process 29
2025/11/06 15:13:52 [notice] 1#1: start worker process 30
2025/11/06 15:13:52 [notice] 1#1: start worker process 31
2025/11/06 15:13:52 [notice] 1#1: start worker process 32
2025/11/06 15:13:52 [notice] 1#1: start worker process 33
2025/11/06 15:13:52 [notice] 1#1: start worker process 34
2025/11/06 15:13:52 [notice] 1#1: start worker process 35
2025/11/06 15:13:52 [notice] 1#1: start worker process 36
